SELECT 'DROP TABLE "' || TABLE_NAME || '" CASCADE CONSTRAINTS;' FROM user_constraints;
SELECT 'DROP SEQUENCE ' || SEQUENCE_NAME || ';' from user_sequences;
purge recyclebin;

--------------------------------------------------------
DROP TABLE "ADDRESS" cascade constraints;
DROP TABLE "APPLY" cascade constraints;
DROP TABLE "ASK" cascade constraints;
DROP TABLE "BOARD" cascade constraints;
DROP TABLE "FILES" cascade constraints;
DROP TABLE "IMG" cascade constraints;
DROP TABLE "ORDERS" cascade constraints;
DROP TABLE "PROJECT" cascade constraints;
DROP TABLE "PROJECT_CMT" cascade constraints;
DROP TABLE "PROJECT_LIKE" cascade constraints;
DROP TABLE "PROJECT_OPTION" cascade constraints;
DROP TABLE "MEMBER" cascade constraints;
DROP TABLE "MEMBER_ACCOUNT" cascade constraints;
--------------------------------------------------------
--  DDL for Table ADDRESS
--------------------------------------------------------

  CREATE TABLE "ADDRESS" 
   (	"DELIVERY_NO" NUMBER(19,0), 
	"ADDRESS1" VARCHAR2(255 CHAR), 
	"ADDRESS2" VARCHAR2(255 CHAR), 
	"ADDRESS3" VARCHAR2(255 CHAR), 
	"ADDRESS4" VARCHAR2(255 CHAR), 
	"ADDRESS_DATE" TIMESTAMP (6) DEFAULT CURRENT_TIMESTAMP, 
	"ADDRESS_MEM_NAME" VARCHAR2(255 CHAR), 
	"MEM_NO" NUMBER(19,0), 
	"POSTAL_CODE" NUMBER(10,0)
   ) SEGMENT CREATION IMMEDIATE 
  PCTFREE 10 PCTUSED 40 INITRANS 1 MAXTRANS 255 NOCOMPRESS LOGGING
  STORAGE(INITIAL 65536 NEXT 1048576 MINEXTENTS 1 MAXEXTENTS 2147483645
  PCTINCREASE 0 FREELISTS 1 FREELIST GROUPS 1 BUFFER_POOL DEFAULT FLASH_CACHE DEFAULT CELL_FLASH_CACHE DEFAULT)
  TABLESPACE "USERS" ;
--------------------------------------------------------
--  DDL for Table APPLY
--------------------------------------------------------

  CREATE TABLE "APPLY" 
   (	"APL_NO" NUMBER(19,0), 
	"MEM_NO" NUMBER(19,0), 
	"APL_CONTENT" CLOB, 
	"APL_DATE" TIMESTAMP (6) DEFAULT CURRENT_TIMESTAMP, 
	"APL_MEM_NO" NUMBER(19,0), 
	"APL_COMMENT" VARCHAR2(255 CHAR), 
	"APL_TITLE" VARCHAR2(255 CHAR), 
	"APL_STATE" VARCHAR2(255 CHAR)
   ) SEGMENT CREATION IMMEDIATE 
  PCTFREE 10 PCTUSED 40 INITRANS 1 MAXTRANS 255 NOCOMPRESS LOGGING
  STORAGE(INITIAL 65536 NEXT 1048576 MINEXTENTS 1 MAXEXTENTS 2147483645
  PCTINCREASE 0 FREELISTS 1 FREELIST GROUPS 1 BUFFER_POOL DEFAULT FLASH_CACHE DEFAULT CELL_FLASH_CACHE DEFAULT)
  TABLESPACE "USERS" 
 LOB ("APL_CONTENT") STORE AS BASICFILE (
  TABLESPACE "USERS" ENABLE STORAGE IN ROW CHUNK 8192 RETENTION 
  NOCACHE LOGGING 
  STORAGE(INITIAL 65536 NEXT 1048576 MINEXTENTS 1 MAXEXTENTS 2147483645
  PCTINCREASE 0 FREELISTS 1 FREELIST GROUPS 1 BUFFER_POOL DEFAULT FLASH_CACHE DEFAULT CELL_FLASH_CACHE DEFAULT)) ;
--------------------------------------------------------
--  DDL for Table ASK
--------------------------------------------------------

  CREATE TABLE "ASK" 
   (	"ASK_NO" NUMBER(19,0), 
	"ASK_COMMENT" VARCHAR2(255 CHAR), 
	"ASK_CONTENT" VARCHAR2(255 CHAR), 
	"ASK_DATE" TIMESTAMP (6) DEFAULT CURRENT_TIMESTAMP, 
	"ASK_STATE" VARCHAR2(255 CHAR), 
	"ASK_TITLE" VARCHAR2(255 CHAR), 
	"MEM_NO" NUMBER(19,0), 
	"ASK_REPLY" VARCHAR2(255 CHAR)
   ) SEGMENT CREATION DEFERRED 
  PCTFREE 10 PCTUSED 40 INITRANS 1 MAXTRANS 255 
  TABLESPACE "USERS" ;
--------------------------------------------------------
--  DDL for Table BOARD
--------------------------------------------------------

  CREATE TABLE "BOARD" 
   (	"B_NO" NUMBER(19,0), 
	"B_CONTENT" CLOB, 
	"B_DATE" TIMESTAMP (6) DEFAULT CURRENT_TIMESTAMP, 
	"B_END" DATE, 
	"B_START" DATE, 
	"B_THUMB" VARCHAR2(255 CHAR), 
	"B_TITLE" VARCHAR2(255 CHAR), 
	"B_TYPE" VARCHAR2(255 CHAR), 
	"B_UPDATE_DATE" TIMESTAMP (6), 
	"MEM_NO" NUMBER(19,0)
   ) SEGMENT CREATION IMMEDIATE 
  PCTFREE 10 PCTUSED 40 INITRANS 1 MAXTRANS 255 NOCOMPRESS LOGGING
  STORAGE(INITIAL 65536 NEXT 1048576 MINEXTENTS 1 MAXEXTENTS 2147483645
  PCTINCREASE 0 FREELISTS 1 FREELIST GROUPS 1 BUFFER_POOL DEFAULT FLASH_CACHE DEFAULT CELL_FLASH_CACHE DEFAULT)
  TABLESPACE "USERS" 
 LOB ("B_CONTENT") STORE AS BASICFILE (
  TABLESPACE "USERS" ENABLE STORAGE IN ROW CHUNK 8192 RETENTION 
  NOCACHE LOGGING 
  STORAGE(INITIAL 65536 NEXT 1048576 MINEXTENTS 1 MAXEXTENTS 2147483645
  PCTINCREASE 0 FREELISTS 1 FREELIST GROUPS 1 BUFFER_POOL DEFAULT FLASH_CACHE DEFAULT CELL_FLASH_CACHE DEFAULT)) ;
--------------------------------------------------------
--  DDL for Table FILES
--------------------------------------------------------

  CREATE TABLE "FILES" 
   (	"FILES_NO" NUMBER(19,0), 
	"B_NO" NUMBER(19,0), 
	"FILES_URL" VARCHAR2(255 CHAR), 
	"PRO_NO" NUMBER(19,0), 
	"APL_NO" NUMBER(19,0), 
	"REQ_NO" NUMBER(19,0)
   ) SEGMENT CREATION IMMEDIATE 
  PCTFREE 10 PCTUSED 40 INITRANS 1 MAXTRANS 255 NOCOMPRESS LOGGING
  STORAGE(INITIAL 65536 NEXT 1048576 MINEXTENTS 1 MAXEXTENTS 2147483645
  PCTINCREASE 0 FREELISTS 1 FREELIST GROUPS 1 BUFFER_POOL DEFAULT FLASH_CACHE DEFAULT CELL_FLASH_CACHE DEFAULT)
  TABLESPACE "USERS" ;
--------------------------------------------------------
--  DDL for Table IMG
--------------------------------------------------------

  CREATE TABLE "IMG" 
   (	"IMG_NO" NUMBER(19,0), 
	"B_NO" NUMBER(19,0), 
	"IMG_URL" VARCHAR2(255 CHAR), 
	"PRO_NO" NUMBER(19,0), 
	"APL_NO" NUMBER(19,0), 
	"REQ_NO" NUMBER(19,0)
   ) SEGMENT CREATION IMMEDIATE 
  PCTFREE 10 PCTUSED 40 INITRANS 1 MAXTRANS 255 NOCOMPRESS LOGGING
  STORAGE(INITIAL 65536 NEXT 1048576 MINEXTENTS 1 MAXEXTENTS 2147483645
  PCTINCREASE 0 FREELISTS 1 FREELIST GROUPS 1 BUFFER_POOL DEFAULT FLASH_CACHE DEFAULT CELL_FLASH_CACHE DEFAULT)
  TABLESPACE "USERS" ;
--------------------------------------------------------
--  DDL for Table ORDERS
--------------------------------------------------------

  CREATE TABLE "ORDERS" 
   (	"ORDER_NO" NUMBER(19,0), 
	"ACCOUNT_NAME" VARCHAR2(255 CHAR), 
	"ACCOUNT_NUMBER" NUMBER(10,0), 
	"ADDRESS1" VARCHAR2(255 CHAR), 
	"ADDRESS2" VARCHAR2(255 CHAR), 
	"ADDRESS3" VARCHAR2(255 CHAR), 
	"BANK_NAME" VARCHAR2(255 CHAR), 
	"COUNT" NUMBER(10,0), 
	"MEM_NO" NUMBER(19,0), 
	"MEM_TEL" VARCHAR2(255 CHAR), 
	"NONE" VARCHAR2(255 CHAR), 
	"ORDER_DATE" TIMESTAMP (6) DEFAULT CURRENT_TIMESTAMP, 
	"POSTAL_CODE" NUMBER(10,0), 
	"PRICE" NUMBER(10,0), 
	"PRO_NO" NUMBER(19,0), 
	"REQUEST" VARCHAR2(255 CHAR), 
	"STATE" VARCHAR2(255 CHAR), 
	"TO_NAME" VARCHAR2(255 CHAR), 
	"TO_TEL" VARCHAR2(255 CHAR), 
	"TOTAL_PRICE" NUMBER(10,0)
   ) SEGMENT CREATION IMMEDIATE 
  PCTFREE 10 PCTUSED 40 INITRANS 1 MAXTRANS 255 NOCOMPRESS LOGGING
  STORAGE(INITIAL 65536 NEXT 1048576 MINEXTENTS 1 MAXEXTENTS 2147483645
  PCTINCREASE 0 FREELISTS 1 FREELIST GROUPS 1 BUFFER_POOL DEFAULT FLASH_CACHE DEFAULT CELL_FLASH_CACHE DEFAULT)
  TABLESPACE "USERS" ;
--------------------------------------------------------
--  DDL for Table PROJECT
--------------------------------------------------------

  CREATE TABLE "PROJECT" 
   (	"PRO_NO" NUMBER(19,0), 
	"MEM_NO" NUMBER(19,0), 
	"OP_NO" NUMBER(19,0), 
	"PRO_CONTENT" CLOB, 
	"PRO_END" DATE, 
	"PRO_HIT" NUMBER(10,0), 
	"PRO_TITLE" VARCHAR2(255 CHAR), 
	"PRO_NOW" NUMBER(10,0), 
	"PRO_START" DATE, 
	"PRO_STATE" VARCHAR2(255 CHAR), 
	"PRO_TARGET" NUMBER(10,0), 
	"PRO_THUMB" VARCHAR2(255 CHAR), 
	"PRO_TYPE" VARCHAR2(255 CHAR), 
	"PROCEED" NUMBER(10,0), 
	"PRO_INFO" VARCHAR2(255 CHAR)
   ) SEGMENT CREATION IMMEDIATE 
  PCTFREE 10 PCTUSED 40 INITRANS 1 MAXTRANS 255 NOCOMPRESS LOGGING
  STORAGE(INITIAL 65536 NEXT 1048576 MINEXTENTS 1 MAXEXTENTS 2147483645
  PCTINCREASE 0 FREELISTS 1 FREELIST GROUPS 1 BUFFER_POOL DEFAULT FLASH_CACHE DEFAULT CELL_FLASH_CACHE DEFAULT)
  TABLESPACE "USERS" 
 LOB ("PRO_CONTENT") STORE AS BASICFILE (
  TABLESPACE "USERS" ENABLE STORAGE IN ROW CHUNK 8192 RETENTION 
  NOCACHE LOGGING 
  STORAGE(INITIAL 65536 NEXT 1048576 MINEXTENTS 1 MAXEXTENTS 2147483645
  PCTINCREASE 0 FREELISTS 1 FREELIST GROUPS 1 BUFFER_POOL DEFAULT FLASH_CACHE DEFAULT CELL_FLASH_CACHE DEFAULT)) ;
--------------------------------------------------------
--  DDL for Table PROJECT_CMT
--------------------------------------------------------

  CREATE TABLE "PROJECT_CMT" 
   (	"PRO_CMT_NO" NUMBER(19,0), 
	"PRO_CMT_DATE" TIMESTAMP (6) DEFAULT CURRENT_TIMESTAMP, 
	"PRO_CMT_MEM_NO" NUMBER(19,0), 
	"PRO_COMMENT" VARCHAR2(255 CHAR), 
	"PRO_NO" NUMBER(19,0)
   ) SEGMENT CREATION IMMEDIATE 
  PCTFREE 10 PCTUSED 40 INITRANS 1 MAXTRANS 255 NOCOMPRESS LOGGING
  STORAGE(INITIAL 65536 NEXT 1048576 MINEXTENTS 1 MAXEXTENTS 2147483645
  PCTINCREASE 0 FREELISTS 1 FREELIST GROUPS 1 BUFFER_POOL DEFAULT FLASH_CACHE DEFAULT CELL_FLASH_CACHE DEFAULT)
  TABLESPACE "USERS" ;
--------------------------------------------------------
--  DDL for Table PROJECT_LIKE
--------------------------------------------------------

  CREATE TABLE "PROJECT_LIKE" 
   (	"LIKE_NO" NUMBER(19,0), 
	"LIKE_DATE" TIMESTAMP (6) DEFAULT CURRENT_TIMESTAMP, 
	"MEM_NO" NUMBER(19,0), 
	"PRO_NO" NUMBER(19,0)
   ) SEGMENT CREATION IMMEDIATE 
  PCTFREE 10 PCTUSED 40 INITRANS 1 MAXTRANS 255 NOCOMPRESS LOGGING
  STORAGE(INITIAL 65536 NEXT 1048576 MINEXTENTS 1 MAXEXTENTS 2147483645
  PCTINCREASE 0 FREELISTS 1 FREELIST GROUPS 1 BUFFER_POOL DEFAULT FLASH_CACHE DEFAULT CELL_FLASH_CACHE DEFAULT)
  TABLESPACE "USERS" ;
--------------------------------------------------------
--  DDL for Table PROJECT_OPTION
--------------------------------------------------------

  CREATE TABLE "PROJECT_OPTION" 
   (	"OP_NO" NUMBER(19,0), 
	"OP_NAME" VARCHAR2(255 CHAR), 
	"OP_USED" CHAR(1 BYTE) DEFAULT 'y', 
	"PRICE" NUMBER(10,0), 
	"PRO_NO" NUMBER(19,0)
   ) SEGMENT CREATION IMMEDIATE 
  PCTFREE 10 PCTUSED 40 INITRANS 1 MAXTRANS 255 NOCOMPRESS LOGGING
  STORAGE(INITIAL 65536 NEXT 1048576 MINEXTENTS 1 MAXEXTENTS 2147483645
  PCTINCREASE 0 FREELISTS 1 FREELIST GROUPS 1 BUFFER_POOL DEFAULT FLASH_CACHE DEFAULT CELL_FLASH_CACHE DEFAULT)
  TABLESPACE "USERS" ;
--------------------------------------------------------
--  DDL for Table MEMBER
--------------------------------------------------------

  CREATE TABLE "MEMBER" 
   (	"MEM_NO" NUMBER(19,0), 
	"MEM_ID" VARCHAR2(255 CHAR), 
	"MEM_JOIN_DATE" TIMESTAMP (6) DEFAULT CURRENT_TIMESTAMP, 
	"MEM_NAME" VARCHAR2(255 CHAR), 
	"MEM_PW" VARCHAR2(255 CHAR), 
	"MEM_TEL" VARCHAR2(255 CHAR)
   ) SEGMENT CREATION IMMEDIATE 
  PCTFREE 10 PCTUSED 40 INITRANS 1 MAXTRANS 255 NOCOMPRESS LOGGING
  STORAGE(INITIAL 65536 NEXT 1048576 MINEXTENTS 1 MAXEXTENTS 2147483645
  PCTINCREASE 0 FREELISTS 1 FREELIST GROUPS 1 BUFFER_POOL DEFAULT FLASH_CACHE DEFAULT CELL_FLASH_CACHE DEFAULT)
  TABLESPACE "USERS" ;
--------------------------------------------------------
--  DDL for Table MEMBER_ACCOUNT
--------------------------------------------------------

  CREATE TABLE "MEMBER_ACCOUNT" 
   (	"ACCOUNT_NO" NUMBER(19,0), 
	"ACCOUNT_DATE" TIMESTAMP (6) DEFAULT CURRENT_TIMESTAMP, 
	"ACCOUNT_NAME" VARCHAR2(255 CHAR), 
	"ACCOUNT_NUMBER" NUMBER(10,0), 
	"BANK_NAME" VARCHAR2(255 CHAR), 
	"MEM_NO" NUMBER(19,0)
   ) SEGMENT CREATION IMMEDIATE 
  PCTFREE 10 PCTUSED 40 INITRANS 1 MAXTRANS 255 NOCOMPRESS LOGGING
  STORAGE(INITIAL 65536 NEXT 1048576 MINEXTENTS 1 MAXEXTENTS 2147483645
  PCTINCREASE 0 FREELISTS 1 FREELIST GROUPS 1 BUFFER_POOL DEFAULT FLASH_CACHE DEFAULT CELL_FLASH_CACHE DEFAULT)
  TABLESPACE "USERS" ;
--------------------------------------------------------
REM INSERTING into ADDRESS
SET DEFINE OFF;
Insert into ADDRESS (DELIVERY_NO,ADDRESS1,ADDRESS2,ADDRESS3,ADDRESS4,ADDRESS_DATE,ADDRESS_MEM_NAME,MEM_NO,POSTAL_CODE) values (1,'서울 노원구 노원로1길 79','서울 노원구 공릉동 240-248','4층 이젠 컴퓨터학원 404호',' (공릉동)',to_timestamp('20/11/26 19:07:52.487401000','RR/MM/DD HH24:MI:SSXFF'),'관리자',1,1828);
Insert into ADDRESS (DELIVERY_NO,ADDRESS1,ADDRESS2,ADDRESS3,ADDRESS4,ADDRESS_DATE,ADDRESS_MEM_NAME,MEM_NO,POSTAL_CODE) values (2,'제주특별자치도 제주시 첨단로 242','제주특별자치도 제주시 영평동 2181','505호','(영평동)',to_timestamp('20/11/27 03:43:38.000000000','RR/MM/DD HH24:MI:SSXFF'),'test2',2,63309);
Insert into ADDRESS (DELIVERY_NO,ADDRESS1,ADDRESS2,ADDRESS3,ADDRESS4,ADDRESS_DATE,ADDRESS_MEM_NAME,MEM_NO,POSTAL_CODE) values (3,'제주특별자치도 제주시 첨단로 242','제주특별자치도 제주시 영평동 2181','505호','(영평동)',to_timestamp('20/11/27 03:43:38.000000000','RR/MM/DD HH24:MI:SSXFF'),'test3',3,63309);
Insert into ADDRESS (DELIVERY_NO,ADDRESS1,ADDRESS2,ADDRESS3,ADDRESS4,ADDRESS_DATE,ADDRESS_MEM_NAME,MEM_NO,POSTAL_CODE) values (4,'제주특별자치도 제주시 첨단로 242','제주특별자치도 제주시 영평동 2181','505호','(영평동)',to_timestamp('20/11/27 03:43:38.000000000','RR/MM/DD HH24:MI:SSXFF'),'test4',4,63309);
Insert into ADDRESS (DELIVERY_NO,ADDRESS1,ADDRESS2,ADDRESS3,ADDRESS4,ADDRESS_DATE,ADDRESS_MEM_NAME,MEM_NO,POSTAL_CODE) values (5,'제주특별자치도 제주시 첨단로 242','제주특별자치도 제주시 영평동 2181','505호','(영평동)',to_timestamp('20/11/27 03:43:38.000000000','RR/MM/DD HH24:MI:SSXFF'),'test5',5,63309);
Insert into ADDRESS (DELIVERY_NO,ADDRESS1,ADDRESS2,ADDRESS3,ADDRESS4,ADDRESS_DATE,ADDRESS_MEM_NAME,MEM_NO,POSTAL_CODE) values (6,'제주특별자치도 제주시 첨단로 242','제주특별자치도 제주시 영평동 2181','505호','(영평동)',to_timestamp('20/11/27 03:43:38.000000000','RR/MM/DD HH24:MI:SSXFF'),'test6',6,63309);
Insert into ADDRESS (DELIVERY_NO,ADDRESS1,ADDRESS2,ADDRESS3,ADDRESS4,ADDRESS_DATE,ADDRESS_MEM_NAME,MEM_NO,POSTAL_CODE) values (7,'제주특별자치도 제주시 첨단로 242','제주특별자치도 제주시 영평동 2181','505호','(영평동)',to_timestamp('20/11/27 03:43:38.000000000','RR/MM/DD HH24:MI:SSXFF'),'test7',7,63309);
Insert into ADDRESS (DELIVERY_NO,ADDRESS1,ADDRESS2,ADDRESS3,ADDRESS4,ADDRESS_DATE,ADDRESS_MEM_NAME,MEM_NO,POSTAL_CODE) values (8,'제주특별자치도 제주시 첨단로 242','제주특별자치도 제주시 영평동 2181','505호','(영평동)',to_timestamp('20/11/27 03:43:38.000000000','RR/MM/DD HH24:MI:SSXFF'),'test8',8,63309);
Insert into ADDRESS (DELIVERY_NO,ADDRESS1,ADDRESS2,ADDRESS3,ADDRESS4,ADDRESS_DATE,ADDRESS_MEM_NAME,MEM_NO,POSTAL_CODE) values (9,'제주특별자치도 제주시 첨단로 242','제주특별자치도 제주시 영평동 2181','505호','(영평동)',to_timestamp('20/11/27 03:43:38.000000000','RR/MM/DD HH24:MI:SSXFF'),'test9',9,63309);
Insert into ADDRESS (DELIVERY_NO,ADDRESS1,ADDRESS2,ADDRESS3,ADDRESS4,ADDRESS_DATE,ADDRESS_MEM_NAME,MEM_NO,POSTAL_CODE) values (10,'제주특별자치도 제주시 첨단로 242','제주특별자치도 제주시 영평동 2181','505호','(영평동)',to_timestamp('20/11/27 03:43:38.000000000','RR/MM/DD HH24:MI:SSXFF'),'test10',10,63309);
Insert into ADDRESS (DELIVERY_NO,ADDRESS1,ADDRESS2,ADDRESS3,ADDRESS4,ADDRESS_DATE,ADDRESS_MEM_NAME,MEM_NO,POSTAL_CODE) values (11,'제주특별자치도 제주시 첨단로 242','제주특별자치도 제주시 영평동 2181','505호','(영평동)',to_timestamp('20/11/27 03:43:38.000000000','RR/MM/DD HH24:MI:SSXFF'),'test11',11,63309);
Insert into ADDRESS (DELIVERY_NO,ADDRESS1,ADDRESS2,ADDRESS3,ADDRESS4,ADDRESS_DATE,ADDRESS_MEM_NAME,MEM_NO,POSTAL_CODE) values (12,'제주특별자치도 제주시 첨단로 242','제주특별자치도 제주시 영평동 2181','505호','(영평동)',to_timestamp('20/11/27 03:43:38.000000000','RR/MM/DD HH24:MI:SSXFF'),'test12',12,63309);
Insert into ADDRESS (DELIVERY_NO,ADDRESS1,ADDRESS2,ADDRESS3,ADDRESS4,ADDRESS_DATE,ADDRESS_MEM_NAME,MEM_NO,POSTAL_CODE) values (13,'제주특별자치도 제주시 첨단로 242','제주특별자치도 제주시 영평동 2181','505호','(영평동)',to_timestamp('20/11/27 03:43:38.000000000','RR/MM/DD HH24:MI:SSXFF'),'test13',13,63309);
Insert into ADDRESS (DELIVERY_NO,ADDRESS1,ADDRESS2,ADDRESS3,ADDRESS4,ADDRESS_DATE,ADDRESS_MEM_NAME,MEM_NO,POSTAL_CODE) values (14,'제주특별자치도 제주시 첨단로 242','제주특별자치도 제주시 영평동 2181','505호','(영평동)',to_timestamp('20/11/27 03:43:38.000000000','RR/MM/DD HH24:MI:SSXFF'),'test14',14,63309);
Insert into ADDRESS (DELIVERY_NO,ADDRESS1,ADDRESS2,ADDRESS3,ADDRESS4,ADDRESS_DATE,ADDRESS_MEM_NAME,MEM_NO,POSTAL_CODE) values (15,'제주특별자치도 제주시 첨단로 242','제주특별자치도 제주시 영평동 2181','505호','(영평동)',to_timestamp('20/11/27 03:43:38.000000000','RR/MM/DD HH24:MI:SSXFF'),'test15',15,63309);
Insert into ADDRESS (DELIVERY_NO,ADDRESS1,ADDRESS2,ADDRESS3,ADDRESS4,ADDRESS_DATE,ADDRESS_MEM_NAME,MEM_NO,POSTAL_CODE) values (16,'제주특별자치도 제주시 첨단로 242','제주특별자치도 제주시 영평동 2181','505호','(영평동)',to_timestamp('20/11/27 03:43:38.000000000','RR/MM/DD HH24:MI:SSXFF'),'test16',16,63309);
Insert into ADDRESS (DELIVERY_NO,ADDRESS1,ADDRESS2,ADDRESS3,ADDRESS4,ADDRESS_DATE,ADDRESS_MEM_NAME,MEM_NO,POSTAL_CODE) values (17,'제주특별자치도 제주시 첨단로 242','제주특별자치도 제주시 영평동 2181','505호','(영평동)',to_timestamp('20/11/27 03:43:38.000000000','RR/MM/DD HH24:MI:SSXFF'),'test17',17,63309);
Insert into ADDRESS (DELIVERY_NO,ADDRESS1,ADDRESS2,ADDRESS3,ADDRESS4,ADDRESS_DATE,ADDRESS_MEM_NAME,MEM_NO,POSTAL_CODE) values (18,'제주특별자치도 제주시 첨단로 242','제주특별자치도 제주시 영평동 2181','505호','(영평동)',to_timestamp('20/11/27 03:43:38.000000000','RR/MM/DD HH24:MI:SSXFF'),'test18',18,63309);
Insert into ADDRESS (DELIVERY_NO,ADDRESS1,ADDRESS2,ADDRESS3,ADDRESS4,ADDRESS_DATE,ADDRESS_MEM_NAME,MEM_NO,POSTAL_CODE) values (19,'제주특별자치도 제주시 첨단로 242','제주특별자치도 제주시 영평동 2181','505호','(영평동)',to_timestamp('20/11/27 03:43:38.000000000','RR/MM/DD HH24:MI:SSXFF'),'test19',19,63309);
Insert into ADDRESS (DELIVERY_NO,ADDRESS1,ADDRESS2,ADDRESS3,ADDRESS4,ADDRESS_DATE,ADDRESS_MEM_NAME,MEM_NO,POSTAL_CODE) values (20,'제주특별자치도 제주시 첨단로 242','제주특별자치도 제주시 영평동 2181','505호','(영평동)',to_timestamp('20/11/27 03:43:38.000000000','RR/MM/DD HH24:MI:SSXFF'),'test20',20,63309);
Insert into ADDRESS (DELIVERY_NO,ADDRESS1,ADDRESS2,ADDRESS3,ADDRESS4,ADDRESS_DATE,ADDRESS_MEM_NAME,MEM_NO,POSTAL_CODE) values (21,'제주특별자치도 제주시 첨단로 242','제주특별자치도 제주시 영평동 2181','505호','(영평동)',to_timestamp('20/11/27 03:43:38.000000000','RR/MM/DD HH24:MI:SSXFF'),'test21',21,63309);
Insert into ADDRESS (DELIVERY_NO,ADDRESS1,ADDRESS2,ADDRESS3,ADDRESS4,ADDRESS_DATE,ADDRESS_MEM_NAME,MEM_NO,POSTAL_CODE) values (22,'제주특별자치도 제주시 첨단로 242','제주특별자치도 제주시 영평동 2181','505호','(영평동)',to_timestamp('20/11/27 03:43:38.000000000','RR/MM/DD HH24:MI:SSXFF'),'test22',22,63309);
Insert into ADDRESS (DELIVERY_NO,ADDRESS1,ADDRESS2,ADDRESS3,ADDRESS4,ADDRESS_DATE,ADDRESS_MEM_NAME,MEM_NO,POSTAL_CODE) values (23,'제주특별자치도 제주시 첨단로 242','제주특별자치도 제주시 영평동 2181','505호','(영평동)',to_timestamp('20/11/27 03:43:38.000000000','RR/MM/DD HH24:MI:SSXFF'),'test23',23,63309);
Insert into ADDRESS (DELIVERY_NO,ADDRESS1,ADDRESS2,ADDRESS3,ADDRESS4,ADDRESS_DATE,ADDRESS_MEM_NAME,MEM_NO,POSTAL_CODE) values (24,'제주특별자치도 제주시 첨단로 242','제주특별자치도 제주시 영평동 2181','505호','(영평동)',to_timestamp('20/11/27 03:43:38.000000000','RR/MM/DD HH24:MI:SSXFF'),'test24',24,63309);
Insert into ADDRESS (DELIVERY_NO,ADDRESS1,ADDRESS2,ADDRESS3,ADDRESS4,ADDRESS_DATE,ADDRESS_MEM_NAME,MEM_NO,POSTAL_CODE) values (25,'제주특별자치도 제주시 첨단로 242','제주특별자치도 제주시 영평동 2181','505호','(영평동)',to_timestamp('20/11/27 03:43:38.000000000','RR/MM/DD HH24:MI:SSXFF'),'test25',25,63309);
Insert into ADDRESS (DELIVERY_NO,ADDRESS1,ADDRESS2,ADDRESS3,ADDRESS4,ADDRESS_DATE,ADDRESS_MEM_NAME,MEM_NO,POSTAL_CODE) values (26,'제주특별자치도 제주시 첨단로 242','제주특별자치도 제주시 영평동 2181','505호','(영평동)',to_timestamp('20/11/27 03:43:38.000000000','RR/MM/DD HH24:MI:SSXFF'),'test26',26,63309);
Insert into ADDRESS (DELIVERY_NO,ADDRESS1,ADDRESS2,ADDRESS3,ADDRESS4,ADDRESS_DATE,ADDRESS_MEM_NAME,MEM_NO,POSTAL_CODE) values (27,'제주특별자치도 제주시 첨단로 242','제주특별자치도 제주시 영평동 2181','505호','(영평동)',to_timestamp('20/11/27 03:43:38.000000000','RR/MM/DD HH24:MI:SSXFF'),'test27',27,63309);
Insert into ADDRESS (DELIVERY_NO,ADDRESS1,ADDRESS2,ADDRESS3,ADDRESS4,ADDRESS_DATE,ADDRESS_MEM_NAME,MEM_NO,POSTAL_CODE) values (28,'제주특별자치도 제주시 첨단로 242','제주특별자치도 제주시 영평동 2181','505호','(영평동)',to_timestamp('20/11/27 03:43:38.000000000','RR/MM/DD HH24:MI:SSXFF'),'test28',28,63309);
Insert into ADDRESS (DELIVERY_NO,ADDRESS1,ADDRESS2,ADDRESS3,ADDRESS4,ADDRESS_DATE,ADDRESS_MEM_NAME,MEM_NO,POSTAL_CODE) values (29,'제주특별자치도 제주시 첨단로 242','제주특별자치도 제주시 영평동 2181','505호','(영평동)',to_timestamp('20/11/27 03:43:38.000000000','RR/MM/DD HH24:MI:SSXFF'),'test29',29,63309);
Insert into ADDRESS (DELIVERY_NO,ADDRESS1,ADDRESS2,ADDRESS3,ADDRESS4,ADDRESS_DATE,ADDRESS_MEM_NAME,MEM_NO,POSTAL_CODE) values (30,'제주특별자치도 제주시 첨단로 242','제주특별자치도 제주시 영평동 2181','505호','(영평동)',to_timestamp('20/11/27 03:43:38.000000000','RR/MM/DD HH24:MI:SSXFF'),'test30',30,63309);
Insert into ADDRESS (DELIVERY_NO,ADDRESS1,ADDRESS2,ADDRESS3,ADDRESS4,ADDRESS_DATE,ADDRESS_MEM_NAME,MEM_NO,POSTAL_CODE) values (31,'제주특별자치도 제주시 첨단로 242','제주특별자치도 제주시 영평동 2181','505호','(영평동)',to_timestamp('20/11/27 03:43:38.000000000','RR/MM/DD HH24:MI:SSXFF'),'test31',31,63309);
Insert into ADDRESS (DELIVERY_NO,ADDRESS1,ADDRESS2,ADDRESS3,ADDRESS4,ADDRESS_DATE,ADDRESS_MEM_NAME,MEM_NO,POSTAL_CODE) values (32,'제주특별자치도 제주시 첨단로 242','제주특별자치도 제주시 영평동 2181','505호','(영평동)',to_timestamp('20/11/27 03:43:38.000000000','RR/MM/DD HH24:MI:SSXFF'),'test32',32,63309);
Insert into ADDRESS (DELIVERY_NO,ADDRESS1,ADDRESS2,ADDRESS3,ADDRESS4,ADDRESS_DATE,ADDRESS_MEM_NAME,MEM_NO,POSTAL_CODE) values (33,'제주특별자치도 제주시 첨단로 242','제주특별자치도 제주시 영평동 2181','505호','(영평동)',to_timestamp('20/11/27 03:43:38.000000000','RR/MM/DD HH24:MI:SSXFF'),'test33',33,63309);
Insert into ADDRESS (DELIVERY_NO,ADDRESS1,ADDRESS2,ADDRESS3,ADDRESS4,ADDRESS_DATE,ADDRESS_MEM_NAME,MEM_NO,POSTAL_CODE) values (34,'제주특별자치도 제주시 첨단로 242','제주특별자치도 제주시 영평동 2181','505호','(영평동)',to_timestamp('20/11/27 03:43:38.000000000','RR/MM/DD HH24:MI:SSXFF'),'test34',34,63309);
Insert into ADDRESS (DELIVERY_NO,ADDRESS1,ADDRESS2,ADDRESS3,ADDRESS4,ADDRESS_DATE,ADDRESS_MEM_NAME,MEM_NO,POSTAL_CODE) values (35,'제주특별자치도 제주시 첨단로 242','제주특별자치도 제주시 영평동 2181','505호','(영평동)',to_timestamp('20/11/27 03:43:38.000000000','RR/MM/DD HH24:MI:SSXFF'),'test35',35,63309);
Insert into ADDRESS (DELIVERY_NO,ADDRESS1,ADDRESS2,ADDRESS3,ADDRESS4,ADDRESS_DATE,ADDRESS_MEM_NAME,MEM_NO,POSTAL_CODE) values (36,'제주특별자치도 제주시 첨단로 242','제주특별자치도 제주시 영평동 2181','505호','(영평동)',to_timestamp('20/11/27 03:43:38.000000000','RR/MM/DD HH24:MI:SSXFF'),'test36',36,63309);
Insert into ADDRESS (DELIVERY_NO,ADDRESS1,ADDRESS2,ADDRESS3,ADDRESS4,ADDRESS_DATE,ADDRESS_MEM_NAME,MEM_NO,POSTAL_CODE) values (37,'제주특별자치도 제주시 첨단로 242','제주특별자치도 제주시 영평동 2181','505호','(영평동)',to_timestamp('20/11/27 03:43:38.000000000','RR/MM/DD HH24:MI:SSXFF'),'test37',37,63309);
Insert into ADDRESS (DELIVERY_NO,ADDRESS1,ADDRESS2,ADDRESS3,ADDRESS4,ADDRESS_DATE,ADDRESS_MEM_NAME,MEM_NO,POSTAL_CODE) values (38,'제주특별자치도 제주시 첨단로 242','제주특별자치도 제주시 영평동 2181','505호','(영평동)',to_timestamp('20/11/27 03:43:38.000000000','RR/MM/DD HH24:MI:SSXFF'),'test38',38,63309);
Insert into ADDRESS (DELIVERY_NO,ADDRESS1,ADDRESS2,ADDRESS3,ADDRESS4,ADDRESS_DATE,ADDRESS_MEM_NAME,MEM_NO,POSTAL_CODE) values (39,'제주특별자치도 제주시 첨단로 242','제주특별자치도 제주시 영평동 2181','505호','(영평동)',to_timestamp('20/11/27 03:43:38.000000000','RR/MM/DD HH24:MI:SSXFF'),'test39',39,63309);
Insert into ADDRESS (DELIVERY_NO,ADDRESS1,ADDRESS2,ADDRESS3,ADDRESS4,ADDRESS_DATE,ADDRESS_MEM_NAME,MEM_NO,POSTAL_CODE) values (40,'제주특별자치도 제주시 첨단로 242','제주특별자치도 제주시 영평동 2181','505호','(영평동)',to_timestamp('20/11/27 03:43:38.000000000','RR/MM/DD HH24:MI:SSXFF'),'test40',40,63309);
Insert into ADDRESS (DELIVERY_NO,ADDRESS1,ADDRESS2,ADDRESS3,ADDRESS4,ADDRESS_DATE,ADDRESS_MEM_NAME,MEM_NO,POSTAL_CODE) values (41,'제주특별자치도 제주시 첨단로 242','제주특별자치도 제주시 영평동 2181','505호','(영평동)',to_timestamp('20/11/27 03:43:38.000000000','RR/MM/DD HH24:MI:SSXFF'),'test41',41,63309);
Insert into ADDRESS (DELIVERY_NO,ADDRESS1,ADDRESS2,ADDRESS3,ADDRESS4,ADDRESS_DATE,ADDRESS_MEM_NAME,MEM_NO,POSTAL_CODE) values (42,'제주특별자치도 제주시 첨단로 242','제주특별자치도 제주시 영평동 2181','505호','(영평동)',to_timestamp('20/11/27 03:43:38.000000000','RR/MM/DD HH24:MI:SSXFF'),'test42',42,63309);
Insert into ADDRESS (DELIVERY_NO,ADDRESS1,ADDRESS2,ADDRESS3,ADDRESS4,ADDRESS_DATE,ADDRESS_MEM_NAME,MEM_NO,POSTAL_CODE) values (43,'제주특별자치도 제주시 첨단로 242','제주특별자치도 제주시 영평동 2181','505호','(영평동)',to_timestamp('20/11/27 03:43:38.000000000','RR/MM/DD HH24:MI:SSXFF'),'test43',43,63309);
Insert into ADDRESS (DELIVERY_NO,ADDRESS1,ADDRESS2,ADDRESS3,ADDRESS4,ADDRESS_DATE,ADDRESS_MEM_NAME,MEM_NO,POSTAL_CODE) values (44,'제주특별자치도 제주시 첨단로 242','제주특별자치도 제주시 영평동 2181','505호','(영평동)',to_timestamp('20/11/27 03:43:38.000000000','RR/MM/DD HH24:MI:SSXFF'),'test44',44,63309);
Insert into ADDRESS (DELIVERY_NO,ADDRESS1,ADDRESS2,ADDRESS3,ADDRESS4,ADDRESS_DATE,ADDRESS_MEM_NAME,MEM_NO,POSTAL_CODE) values (45,'제주특별자치도 제주시 첨단로 242','제주특별자치도 제주시 영평동 2181','505호','(영평동)',to_timestamp('20/11/27 03:43:38.000000000','RR/MM/DD HH24:MI:SSXFF'),'test45',45,63309);
Insert into ADDRESS (DELIVERY_NO,ADDRESS1,ADDRESS2,ADDRESS3,ADDRESS4,ADDRESS_DATE,ADDRESS_MEM_NAME,MEM_NO,POSTAL_CODE) values (46,'제주특별자치도 제주시 첨단로 242','제주특별자치도 제주시 영평동 2181','505호','(영평동)',to_timestamp('20/11/27 03:43:38.000000000','RR/MM/DD HH24:MI:SSXFF'),'test46',46,63309);
Insert into ADDRESS (DELIVERY_NO,ADDRESS1,ADDRESS2,ADDRESS3,ADDRESS4,ADDRESS_DATE,ADDRESS_MEM_NAME,MEM_NO,POSTAL_CODE) values (47,'제주특별자치도 제주시 첨단로 242','제주특별자치도 제주시 영평동 2181','505호','(영평동)',to_timestamp('20/11/27 03:43:38.000000000','RR/MM/DD HH24:MI:SSXFF'),'test47',47,63309);
Insert into ADDRESS (DELIVERY_NO,ADDRESS1,ADDRESS2,ADDRESS3,ADDRESS4,ADDRESS_DATE,ADDRESS_MEM_NAME,MEM_NO,POSTAL_CODE) values (48,'제주특별자치도 제주시 첨단로 242','제주특별자치도 제주시 영평동 2181','505호','(영평동)',to_timestamp('20/11/27 03:43:38.000000000','RR/MM/DD HH24:MI:SSXFF'),'test48',48,63309);
Insert into ADDRESS (DELIVERY_NO,ADDRESS1,ADDRESS2,ADDRESS3,ADDRESS4,ADDRESS_DATE,ADDRESS_MEM_NAME,MEM_NO,POSTAL_CODE) values (49,'제주특별자치도 제주시 첨단로 242','제주특별자치도 제주시 영평동 2181','505호','(영평동)',to_timestamp('20/11/27 03:43:38.000000000','RR/MM/DD HH24:MI:SSXFF'),'test49',49,63309);
Insert into ADDRESS (DELIVERY_NO,ADDRESS1,ADDRESS2,ADDRESS3,ADDRESS4,ADDRESS_DATE,ADDRESS_MEM_NAME,MEM_NO,POSTAL_CODE) values (50,'제주특별자치도 제주시 첨단로 242','제주특별자치도 제주시 영평동 2181','505호','(영평동)',to_timestamp('20/11/27 03:43:38.000000000','RR/MM/DD HH24:MI:SSXFF'),'test50',50,63309);
Insert into ADDRESS (DELIVERY_NO,ADDRESS1,ADDRESS2,ADDRESS3,ADDRESS4,ADDRESS_DATE,ADDRESS_MEM_NAME,MEM_NO,POSTAL_CODE) values (51,'제주특별자치도 제주시 첨단로 242','제주특별자치도 제주시 영평동 2181','505호','(영평동)',to_timestamp('20/11/27 03:43:38.000000000','RR/MM/DD HH24:MI:SSXFF'),'test51',51,63309);
Insert into ADDRESS (DELIVERY_NO,ADDRESS1,ADDRESS2,ADDRESS3,ADDRESS4,ADDRESS_DATE,ADDRESS_MEM_NAME,MEM_NO,POSTAL_CODE) values (52,'제주특별자치도 제주시 첨단로 242','제주특별자치도 제주시 영평동 2181','505호','(영평동)',to_timestamp('20/11/27 03:43:38.000000000','RR/MM/DD HH24:MI:SSXFF'),'test52',52,63309);
Insert into ADDRESS (DELIVERY_NO,ADDRESS1,ADDRESS2,ADDRESS3,ADDRESS4,ADDRESS_DATE,ADDRESS_MEM_NAME,MEM_NO,POSTAL_CODE) values (53,'제주특별자치도 제주시 첨단로 242','제주특별자치도 제주시 영평동 2181','505호','(영평동)',to_timestamp('20/11/27 03:43:38.000000000','RR/MM/DD HH24:MI:SSXFF'),'test53',53,63309);
Insert into ADDRESS (DELIVERY_NO,ADDRESS1,ADDRESS2,ADDRESS3,ADDRESS4,ADDRESS_DATE,ADDRESS_MEM_NAME,MEM_NO,POSTAL_CODE) values (54,'제주특별자치도 제주시 첨단로 242','제주특별자치도 제주시 영평동 2181','505호','(영평동)',to_timestamp('20/11/27 03:43:38.000000000','RR/MM/DD HH24:MI:SSXFF'),'test54',54,63309);
Insert into ADDRESS (DELIVERY_NO,ADDRESS1,ADDRESS2,ADDRESS3,ADDRESS4,ADDRESS_DATE,ADDRESS_MEM_NAME,MEM_NO,POSTAL_CODE) values (55,'제주특별자치도 제주시 첨단로 242','제주특별자치도 제주시 영평동 2181','505호','(영평동)',to_timestamp('20/11/27 03:43:38.000000000','RR/MM/DD HH24:MI:SSXFF'),'test55',55,63309);
Insert into ADDRESS (DELIVERY_NO,ADDRESS1,ADDRESS2,ADDRESS3,ADDRESS4,ADDRESS_DATE,ADDRESS_MEM_NAME,MEM_NO,POSTAL_CODE) values (56,'제주특별자치도 제주시 첨단로 242','제주특별자치도 제주시 영평동 2181','505호','(영평동)',to_timestamp('20/11/27 03:43:38.000000000','RR/MM/DD HH24:MI:SSXFF'),'test56',56,63309);
Insert into ADDRESS (DELIVERY_NO,ADDRESS1,ADDRESS2,ADDRESS3,ADDRESS4,ADDRESS_DATE,ADDRESS_MEM_NAME,MEM_NO,POSTAL_CODE) values (57,'제주특별자치도 제주시 첨단로 242','제주특별자치도 제주시 영평동 2181','505호','(영평동)',to_timestamp('20/11/27 03:43:38.000000000','RR/MM/DD HH24:MI:SSXFF'),'test57',57,63309);
Insert into ADDRESS (DELIVERY_NO,ADDRESS1,ADDRESS2,ADDRESS3,ADDRESS4,ADDRESS_DATE,ADDRESS_MEM_NAME,MEM_NO,POSTAL_CODE) values (58,'제주특별자치도 제주시 첨단로 242','제주특별자치도 제주시 영평동 2181','505호','(영평동)',to_timestamp('20/11/27 03:43:38.000000000','RR/MM/DD HH24:MI:SSXFF'),'test58',58,63309);
Insert into ADDRESS (DELIVERY_NO,ADDRESS1,ADDRESS2,ADDRESS3,ADDRESS4,ADDRESS_DATE,ADDRESS_MEM_NAME,MEM_NO,POSTAL_CODE) values (59,'제주특별자치도 제주시 첨단로 242','제주특별자치도 제주시 영평동 2181','505호','(영평동)',to_timestamp('20/11/27 03:43:38.000000000','RR/MM/DD HH24:MI:SSXFF'),'test59',59,63309);
Insert into ADDRESS (DELIVERY_NO,ADDRESS1,ADDRESS2,ADDRESS3,ADDRESS4,ADDRESS_DATE,ADDRESS_MEM_NAME,MEM_NO,POSTAL_CODE) values (60,'제주특별자치도 제주시 첨단로 242','제주특별자치도 제주시 영평동 2181','505호','(영평동)',to_timestamp('20/11/27 03:43:38.000000000','RR/MM/DD HH24:MI:SSXFF'),'test60',60,63309);
Insert into ADDRESS (DELIVERY_NO,ADDRESS1,ADDRESS2,ADDRESS3,ADDRESS4,ADDRESS_DATE,ADDRESS_MEM_NAME,MEM_NO,POSTAL_CODE) values (61,'제주특별자치도 제주시 첨단로 242','제주특별자치도 제주시 영평동 2181','505호','(영평동)',to_timestamp('20/11/27 03:43:38.000000000','RR/MM/DD HH24:MI:SSXFF'),'test61',61,63309);
Insert into ADDRESS (DELIVERY_NO,ADDRESS1,ADDRESS2,ADDRESS3,ADDRESS4,ADDRESS_DATE,ADDRESS_MEM_NAME,MEM_NO,POSTAL_CODE) values (62,'제주특별자치도 제주시 첨단로 242','제주특별자치도 제주시 영평동 2181','505호','(영평동)',to_timestamp('20/11/27 03:43:38.000000000','RR/MM/DD HH24:MI:SSXFF'),'test62',62,63309);
Insert into ADDRESS (DELIVERY_NO,ADDRESS1,ADDRESS2,ADDRESS3,ADDRESS4,ADDRESS_DATE,ADDRESS_MEM_NAME,MEM_NO,POSTAL_CODE) values (63,'제주특별자치도 제주시 첨단로 242','제주특별자치도 제주시 영평동 2181','505호','(영평동)',to_timestamp('20/11/27 03:43:38.000000000','RR/MM/DD HH24:MI:SSXFF'),'test63',63,63309);
Insert into ADDRESS (DELIVERY_NO,ADDRESS1,ADDRESS2,ADDRESS3,ADDRESS4,ADDRESS_DATE,ADDRESS_MEM_NAME,MEM_NO,POSTAL_CODE) values (64,'제주특별자치도 제주시 첨단로 242','제주특별자치도 제주시 영평동 2181','505호','(영평동)',to_timestamp('20/11/27 03:43:38.000000000','RR/MM/DD HH24:MI:SSXFF'),'test64',64,63309);
Insert into ADDRESS (DELIVERY_NO,ADDRESS1,ADDRESS2,ADDRESS3,ADDRESS4,ADDRESS_DATE,ADDRESS_MEM_NAME,MEM_NO,POSTAL_CODE) values (65,'제주특별자치도 제주시 첨단로 242','제주특별자치도 제주시 영평동 2181','505호','(영평동)',to_timestamp('20/11/27 03:43:38.000000000','RR/MM/DD HH24:MI:SSXFF'),'test65',65,63309);
Insert into ADDRESS (DELIVERY_NO,ADDRESS1,ADDRESS2,ADDRESS3,ADDRESS4,ADDRESS_DATE,ADDRESS_MEM_NAME,MEM_NO,POSTAL_CODE) values (66,'제주특별자치도 제주시 첨단로 242','제주특별자치도 제주시 영평동 2181','505호','(영평동)',to_timestamp('20/11/27 03:43:38.000000000','RR/MM/DD HH24:MI:SSXFF'),'test66',66,63309);
Insert into ADDRESS (DELIVERY_NO,ADDRESS1,ADDRESS2,ADDRESS3,ADDRESS4,ADDRESS_DATE,ADDRESS_MEM_NAME,MEM_NO,POSTAL_CODE) values (67,'제주특별자치도 제주시 첨단로 242','제주특별자치도 제주시 영평동 2181','505호','(영평동)',to_timestamp('20/11/27 03:43:38.000000000','RR/MM/DD HH24:MI:SSXFF'),'test67',67,63309);
Insert into ADDRESS (DELIVERY_NO,ADDRESS1,ADDRESS2,ADDRESS3,ADDRESS4,ADDRESS_DATE,ADDRESS_MEM_NAME,MEM_NO,POSTAL_CODE) values (68,'제주특별자치도 제주시 첨단로 242','제주특별자치도 제주시 영평동 2181','505호','(영평동)',to_timestamp('20/11/27 03:43:38.000000000','RR/MM/DD HH24:MI:SSXFF'),'test68',68,63309);
Insert into ADDRESS (DELIVERY_NO,ADDRESS1,ADDRESS2,ADDRESS3,ADDRESS4,ADDRESS_DATE,ADDRESS_MEM_NAME,MEM_NO,POSTAL_CODE) values (69,'제주특별자치도 제주시 첨단로 242','제주특별자치도 제주시 영평동 2181','505호','(영평동)',to_timestamp('20/11/27 03:43:38.000000000','RR/MM/DD HH24:MI:SSXFF'),'test69',69,63309);
Insert into ADDRESS (DELIVERY_NO,ADDRESS1,ADDRESS2,ADDRESS3,ADDRESS4,ADDRESS_DATE,ADDRESS_MEM_NAME,MEM_NO,POSTAL_CODE) values (70,'제주특별자치도 제주시 첨단로 242','제주특별자치도 제주시 영평동 2181','505호','(영평동)',to_timestamp('20/11/27 03:43:38.000000000','RR/MM/DD HH24:MI:SSXFF'),'test70',70,63309);
Insert into ADDRESS (DELIVERY_NO,ADDRESS1,ADDRESS2,ADDRESS3,ADDRESS4,ADDRESS_DATE,ADDRESS_MEM_NAME,MEM_NO,POSTAL_CODE) values (71,'제주특별자치도 제주시 첨단로 242','제주특별자치도 제주시 영평동 2181','505호','(영평동)',to_timestamp('20/11/27 03:43:38.000000000','RR/MM/DD HH24:MI:SSXFF'),'test71',71,63309);
Insert into ADDRESS (DELIVERY_NO,ADDRESS1,ADDRESS2,ADDRESS3,ADDRESS4,ADDRESS_DATE,ADDRESS_MEM_NAME,MEM_NO,POSTAL_CODE) values (72,'제주특별자치도 제주시 첨단로 242','제주특별자치도 제주시 영평동 2181','505호','(영평동)',to_timestamp('20/11/27 03:43:38.000000000','RR/MM/DD HH24:MI:SSXFF'),'test72',72,63309);
Insert into ADDRESS (DELIVERY_NO,ADDRESS1,ADDRESS2,ADDRESS3,ADDRESS4,ADDRESS_DATE,ADDRESS_MEM_NAME,MEM_NO,POSTAL_CODE) values (73,'제주특별자치도 제주시 첨단로 242','제주특별자치도 제주시 영평동 2181','505호','(영평동)',to_timestamp('20/11/27 03:43:38.000000000','RR/MM/DD HH24:MI:SSXFF'),'test73',73,63309);
Insert into ADDRESS (DELIVERY_NO,ADDRESS1,ADDRESS2,ADDRESS3,ADDRESS4,ADDRESS_DATE,ADDRESS_MEM_NAME,MEM_NO,POSTAL_CODE) values (74,'제주특별자치도 제주시 첨단로 242','제주특별자치도 제주시 영평동 2181','505호','(영평동)',to_timestamp('20/11/27 03:43:38.000000000','RR/MM/DD HH24:MI:SSXFF'),'test74',74,63309);
Insert into ADDRESS (DELIVERY_NO,ADDRESS1,ADDRESS2,ADDRESS3,ADDRESS4,ADDRESS_DATE,ADDRESS_MEM_NAME,MEM_NO,POSTAL_CODE) values (75,'제주특별자치도 제주시 첨단로 242','제주특별자치도 제주시 영평동 2181','505호','(영평동)',to_timestamp('20/11/27 03:43:38.000000000','RR/MM/DD HH24:MI:SSXFF'),'test75',75,63309);
Insert into ADDRESS (DELIVERY_NO,ADDRESS1,ADDRESS2,ADDRESS3,ADDRESS4,ADDRESS_DATE,ADDRESS_MEM_NAME,MEM_NO,POSTAL_CODE) values (76,'제주특별자치도 제주시 첨단로 242','제주특별자치도 제주시 영평동 2181','505호','(영평동)',to_timestamp('20/11/27 03:43:38.000000000','RR/MM/DD HH24:MI:SSXFF'),'test76',76,63309);
Insert into ADDRESS (DELIVERY_NO,ADDRESS1,ADDRESS2,ADDRESS3,ADDRESS4,ADDRESS_DATE,ADDRESS_MEM_NAME,MEM_NO,POSTAL_CODE) values (77,'제주특별자치도 제주시 첨단로 242','제주특별자치도 제주시 영평동 2181','505호','(영평동)',to_timestamp('20/11/27 03:43:38.000000000','RR/MM/DD HH24:MI:SSXFF'),'test77',77,63309);
Insert into ADDRESS (DELIVERY_NO,ADDRESS1,ADDRESS2,ADDRESS3,ADDRESS4,ADDRESS_DATE,ADDRESS_MEM_NAME,MEM_NO,POSTAL_CODE) values (78,'제주특별자치도 제주시 첨단로 242','제주특별자치도 제주시 영평동 2181','505호','(영평동)',to_timestamp('20/11/27 03:43:38.000000000','RR/MM/DD HH24:MI:SSXFF'),'test78',78,63309);
Insert into ADDRESS (DELIVERY_NO,ADDRESS1,ADDRESS2,ADDRESS3,ADDRESS4,ADDRESS_DATE,ADDRESS_MEM_NAME,MEM_NO,POSTAL_CODE) values (79,'제주특별자치도 제주시 첨단로 242','제주특별자치도 제주시 영평동 2181','505호','(영평동)',to_timestamp('20/11/27 03:43:38.000000000','RR/MM/DD HH24:MI:SSXFF'),'test79',79,63309);
Insert into ADDRESS (DELIVERY_NO,ADDRESS1,ADDRESS2,ADDRESS3,ADDRESS4,ADDRESS_DATE,ADDRESS_MEM_NAME,MEM_NO,POSTAL_CODE) values (80,'제주특별자치도 제주시 첨단로 242','제주특별자치도 제주시 영평동 2181','505호','(영평동)',to_timestamp('20/11/27 03:43:38.000000000','RR/MM/DD HH24:MI:SSXFF'),'test80',80,63309);
Insert into ADDRESS (DELIVERY_NO,ADDRESS1,ADDRESS2,ADDRESS3,ADDRESS4,ADDRESS_DATE,ADDRESS_MEM_NAME,MEM_NO,POSTAL_CODE) values (81,'제주특별자치도 제주시 첨단로 242','제주특별자치도 제주시 영평동 2181','505호','(영평동)',to_timestamp('20/11/27 03:43:38.000000000','RR/MM/DD HH24:MI:SSXFF'),'test81',81,63309);
Insert into ADDRESS (DELIVERY_NO,ADDRESS1,ADDRESS2,ADDRESS3,ADDRESS4,ADDRESS_DATE,ADDRESS_MEM_NAME,MEM_NO,POSTAL_CODE) values (82,'제주특별자치도 제주시 첨단로 242','제주특별자치도 제주시 영평동 2181','505호','(영평동)',to_timestamp('20/11/27 03:43:38.000000000','RR/MM/DD HH24:MI:SSXFF'),'test82',82,63309);
Insert into ADDRESS (DELIVERY_NO,ADDRESS1,ADDRESS2,ADDRESS3,ADDRESS4,ADDRESS_DATE,ADDRESS_MEM_NAME,MEM_NO,POSTAL_CODE) values (83,'제주특별자치도 제주시 첨단로 242','제주특별자치도 제주시 영평동 2181','505호','(영평동)',to_timestamp('20/11/27 03:43:38.000000000','RR/MM/DD HH24:MI:SSXFF'),'test83',83,63309);
Insert into ADDRESS (DELIVERY_NO,ADDRESS1,ADDRESS2,ADDRESS3,ADDRESS4,ADDRESS_DATE,ADDRESS_MEM_NAME,MEM_NO,POSTAL_CODE) values (84,'제주특별자치도 제주시 첨단로 242','제주특별자치도 제주시 영평동 2181','505호','(영평동)',to_timestamp('20/11/27 03:43:38.000000000','RR/MM/DD HH24:MI:SSXFF'),'test84',84,63309);
Insert into ADDRESS (DELIVERY_NO,ADDRESS1,ADDRESS2,ADDRESS3,ADDRESS4,ADDRESS_DATE,ADDRESS_MEM_NAME,MEM_NO,POSTAL_CODE) values (85,'제주특별자치도 제주시 첨단로 242','제주특별자치도 제주시 영평동 2181','505호','(영평동)',to_timestamp('20/11/27 03:43:38.000000000','RR/MM/DD HH24:MI:SSXFF'),'test85',85,63309);
Insert into ADDRESS (DELIVERY_NO,ADDRESS1,ADDRESS2,ADDRESS3,ADDRESS4,ADDRESS_DATE,ADDRESS_MEM_NAME,MEM_NO,POSTAL_CODE) values (86,'제주특별자치도 제주시 첨단로 242','제주특별자치도 제주시 영평동 2181','505호','(영평동)',to_timestamp('20/11/27 03:43:38.000000000','RR/MM/DD HH24:MI:SSXFF'),'test86',86,63309);
Insert into ADDRESS (DELIVERY_NO,ADDRESS1,ADDRESS2,ADDRESS3,ADDRESS4,ADDRESS_DATE,ADDRESS_MEM_NAME,MEM_NO,POSTAL_CODE) values (87,'제주특별자치도 제주시 첨단로 242','제주특별자치도 제주시 영평동 2181','505호','(영평동)',to_timestamp('20/11/27 03:43:38.000000000','RR/MM/DD HH24:MI:SSXFF'),'test87',87,63309);
Insert into ADDRESS (DELIVERY_NO,ADDRESS1,ADDRESS2,ADDRESS3,ADDRESS4,ADDRESS_DATE,ADDRESS_MEM_NAME,MEM_NO,POSTAL_CODE) values (88,'제주특별자치도 제주시 첨단로 242','제주특별자치도 제주시 영평동 2181','505호','(영평동)',to_timestamp('20/11/27 03:43:38.000000000','RR/MM/DD HH24:MI:SSXFF'),'test88',88,63309);
Insert into ADDRESS (DELIVERY_NO,ADDRESS1,ADDRESS2,ADDRESS3,ADDRESS4,ADDRESS_DATE,ADDRESS_MEM_NAME,MEM_NO,POSTAL_CODE) values (89,'제주특별자치도 제주시 첨단로 242','제주특별자치도 제주시 영평동 2181','505호','(영평동)',to_timestamp('20/11/27 03:43:38.000000000','RR/MM/DD HH24:MI:SSXFF'),'test89',89,63309);
Insert into ADDRESS (DELIVERY_NO,ADDRESS1,ADDRESS2,ADDRESS3,ADDRESS4,ADDRESS_DATE,ADDRESS_MEM_NAME,MEM_NO,POSTAL_CODE) values (90,'제주특별자치도 제주시 첨단로 242','제주특별자치도 제주시 영평동 2181','505호','(영평동)',to_timestamp('20/11/27 03:43:38.000000000','RR/MM/DD HH24:MI:SSXFF'),'test90',90,63309);
Insert into ADDRESS (DELIVERY_NO,ADDRESS1,ADDRESS2,ADDRESS3,ADDRESS4,ADDRESS_DATE,ADDRESS_MEM_NAME,MEM_NO,POSTAL_CODE) values (91,'제주특별자치도 제주시 첨단로 242','제주특별자치도 제주시 영평동 2181','505호','(영평동)',to_timestamp('20/11/27 03:43:38.000000000','RR/MM/DD HH24:MI:SSXFF'),'test91',91,63309);
Insert into ADDRESS (DELIVERY_NO,ADDRESS1,ADDRESS2,ADDRESS3,ADDRESS4,ADDRESS_DATE,ADDRESS_MEM_NAME,MEM_NO,POSTAL_CODE) values (92,'제주특별자치도 제주시 첨단로 242','제주특별자치도 제주시 영평동 2181','505호','(영평동)',to_timestamp('20/11/27 03:43:38.000000000','RR/MM/DD HH24:MI:SSXFF'),'test92',92,63309);
Insert into ADDRESS (DELIVERY_NO,ADDRESS1,ADDRESS2,ADDRESS3,ADDRESS4,ADDRESS_DATE,ADDRESS_MEM_NAME,MEM_NO,POSTAL_CODE) values (93,'제주특별자치도 제주시 첨단로 242','제주특별자치도 제주시 영평동 2181','505호','(영평동)',to_timestamp('20/11/27 03:43:38.000000000','RR/MM/DD HH24:MI:SSXFF'),'test93',93,63309);
Insert into ADDRESS (DELIVERY_NO,ADDRESS1,ADDRESS2,ADDRESS3,ADDRESS4,ADDRESS_DATE,ADDRESS_MEM_NAME,MEM_NO,POSTAL_CODE) values (94,'제주특별자치도 제주시 첨단로 242','제주특별자치도 제주시 영평동 2181','505호','(영평동)',to_timestamp('20/11/27 03:43:38.000000000','RR/MM/DD HH24:MI:SSXFF'),'test94',94,63309);
Insert into ADDRESS (DELIVERY_NO,ADDRESS1,ADDRESS2,ADDRESS3,ADDRESS4,ADDRESS_DATE,ADDRESS_MEM_NAME,MEM_NO,POSTAL_CODE) values (95,'제주특별자치도 제주시 첨단로 242','제주특별자치도 제주시 영평동 2181','505호','(영평동)',to_timestamp('20/11/27 03:43:38.000000000','RR/MM/DD HH24:MI:SSXFF'),'test95',95,63309);
Insert into ADDRESS (DELIVERY_NO,ADDRESS1,ADDRESS2,ADDRESS3,ADDRESS4,ADDRESS_DATE,ADDRESS_MEM_NAME,MEM_NO,POSTAL_CODE) values (96,'제주특별자치도 제주시 첨단로 242','제주특별자치도 제주시 영평동 2181','505호','(영평동)',to_timestamp('20/11/27 03:43:38.000000000','RR/MM/DD HH24:MI:SSXFF'),'test96',96,63309);
Insert into ADDRESS (DELIVERY_NO,ADDRESS1,ADDRESS2,ADDRESS3,ADDRESS4,ADDRESS_DATE,ADDRESS_MEM_NAME,MEM_NO,POSTAL_CODE) values (97,'제주특별자치도 제주시 첨단로 242','제주특별자치도 제주시 영평동 2181','505호','(영평동)',to_timestamp('20/11/27 03:43:38.000000000','RR/MM/DD HH24:MI:SSXFF'),'test97',97,63309);
Insert into ADDRESS (DELIVERY_NO,ADDRESS1,ADDRESS2,ADDRESS3,ADDRESS4,ADDRESS_DATE,ADDRESS_MEM_NAME,MEM_NO,POSTAL_CODE) values (98,'제주특별자치도 제주시 첨단로 242','제주특별자치도 제주시 영평동 2181','505호','(영평동)',to_timestamp('20/11/27 03:43:38.000000000','RR/MM/DD HH24:MI:SSXFF'),'test98',98,63309);
Insert into ADDRESS (DELIVERY_NO,ADDRESS1,ADDRESS2,ADDRESS3,ADDRESS4,ADDRESS_DATE,ADDRESS_MEM_NAME,MEM_NO,POSTAL_CODE) values (99,'제주특별자치도 제주시 첨단로 242','제주특별자치도 제주시 영평동 2181','505호','(영평동)',to_timestamp('20/11/27 03:43:38.000000000','RR/MM/DD HH24:MI:SSXFF'),'test99',99,63309);
Insert into ADDRESS (DELIVERY_NO,ADDRESS1,ADDRESS2,ADDRESS3,ADDRESS4,ADDRESS_DATE,ADDRESS_MEM_NAME,MEM_NO,POSTAL_CODE) values (100,'제주특별자치도 제주시 첨단로 242','제주특별자치도 제주시 영평동 2181','505호','(영평동)',to_timestamp('20/11/27 03:43:38.000000000','RR/MM/DD HH24:MI:SSXFF'),'test100',100,63309);
Insert into ADDRESS (DELIVERY_NO,ADDRESS1,ADDRESS2,ADDRESS3,ADDRESS4,ADDRESS_DATE,ADDRESS_MEM_NAME,MEM_NO,POSTAL_CODE) values (101,'제주특별자치도 제주시 첨단로 242','제주특별자치도 제주시 영평동 2181','505호','(영평동)',to_timestamp('20/11/27 03:43:38.000000000','RR/MM/DD HH24:MI:SSXFF'),'네이버',101,63309);
REM INSERTING into APPLY
SET DEFINE OFF;
Insert into APPLY (APL_NO,MEM_NO,APL_DATE,APL_MEM_NO,APL_COMMENT,APL_TITLE,APL_STATE) values (1,101,to_timestamp('20/11/27 12:48:08.605223000','RR/MM/DD HH24:MI:SSXFF'),null,null,'지구와 환경을 생각해주세요',null);
Insert into APPLY (APL_NO,MEM_NO,APL_DATE,APL_MEM_NO,APL_COMMENT,APL_TITLE,APL_STATE) values (2,101,to_timestamp('20/11/27 18:16:20.002245000','RR/MM/DD HH24:MI:SSXFF'),null,null,'제목',null);
Insert into APPLY (APL_NO,MEM_NO,APL_DATE,APL_MEM_NO,APL_COMMENT,APL_TITLE,APL_STATE) values (3,101,to_timestamp('20/11/27 18:17:29.953842000','RR/MM/DD HH24:MI:SSXFF'),null,null,'제목',null);
Insert into APPLY (APL_NO,MEM_NO,APL_DATE,APL_MEM_NO,APL_COMMENT,APL_TITLE,APL_STATE) values (4,101,to_timestamp('20/11/27 18:31:19.945733000','RR/MM/DD HH24:MI:SSXFF'),null,null,'프로젝트 신청합니다!!',null);
Insert into APPLY (APL_NO,MEM_NO,APL_DATE,APL_MEM_NO,APL_COMMENT,APL_TITLE,APL_STATE) values (5,101,to_timestamp('20/11/27 18:44:17.683221000','RR/MM/DD HH24:MI:SSXFF'),null,null,'스테인리스 빨대로 일회용 빨대를 줄여봐요',null);
REM INSERTING into ASK
SET DEFINE OFF;
REM INSERTING into BOARD
SET DEFINE OFF;
Insert into BOARD (B_NO,B_DATE,B_END,B_START,B_THUMB,B_TITLE,B_TYPE,B_UPDATE_DATE,MEM_NO) values (1,to_timestamp('20/12/24 01:25:47.394374000','RR/MM/DD HH24:MI:SSXFF'),to_date('20/12/23','RR/MM/DD'),to_date('20/12/23','RR/MM/DD'),null,'테스트공지','공지사항',null,null);
Insert into BOARD (B_NO,B_DATE,B_END,B_START,B_THUMB,B_TITLE,B_TYPE,B_UPDATE_DATE,MEM_NO) values (2,to_timestamp('20/12/24 01:44:05.981548000','RR/MM/DD HH24:MI:SSXFF'),to_date('20/12/23','RR/MM/DD'),to_date('20/12/23','RR/MM/DD'),null,'테스트이벤트','이벤트',null,null);
REM INSERTING into FILES
SET DEFINE OFF;
REM INSERTING into IMG
SET DEFINE OFF;
Insert into IMG (IMG_NO,B_NO,IMG_URL,PRO_NO,APL_NO,REQ_NO) values (2,null,'/upload/thumbnails/2020103100000001.png',2,null,null);
Insert into IMG (IMG_NO,B_NO,IMG_URL,PRO_NO,APL_NO,REQ_NO) values (3,null,'/upload/thumbnails/2020110500000001.jpg',3,null,null);
Insert into IMG (IMG_NO,B_NO,IMG_URL,PRO_NO,APL_NO,REQ_NO) values (4,null,'/upload/thumbnails/2020111000000001.png',4,null,null);
Insert into IMG (IMG_NO,B_NO,IMG_URL,PRO_NO,APL_NO,REQ_NO) values (5,null,'/upload/thumbnails/2020111300000001.jpg',5,null,null);
Insert into IMG (IMG_NO,B_NO,IMG_URL,PRO_NO,APL_NO,REQ_NO) values (6,null,'/upload/thumbnails/2020111300000002.jpg',6,null,null);
Insert into IMG (IMG_NO,B_NO,IMG_URL,PRO_NO,APL_NO,REQ_NO) values (7,null,'/upload/thumbnails/2020111800000001.gif',7,null,null);
Insert into IMG (IMG_NO,B_NO,IMG_URL,PRO_NO,APL_NO,REQ_NO) values (8,null,'/upload/thumbnails/2020112000000001.jpg',8,null,null);
Insert into IMG (IMG_NO,B_NO,IMG_URL,PRO_NO,APL_NO,REQ_NO) values (9,null,'/upload/thumbnails/2020112200000001.jpg',9,null,null);
Insert into IMG (IMG_NO,B_NO,IMG_URL,PRO_NO,APL_NO,REQ_NO) values (10,null,'/upload/thumbnails/2020112500000001.gif',10,null,null);
Insert into IMG (IMG_NO,B_NO,IMG_URL,PRO_NO,APL_NO,REQ_NO) values (11,null,'/upload/thumbnails/2020112700000001.jpg',11,null,null);
Insert into IMG (IMG_NO,B_NO,IMG_URL,PRO_NO,APL_NO,REQ_NO) values (12,null,'/upload/thumbnails/2020120100000001.PNG',12,null,null);
Insert into IMG (IMG_NO,B_NO,IMG_URL,PRO_NO,APL_NO,REQ_NO) values (13,null,'/upload/thumbnails/2020121500000001.PNG',13,null,null);
Insert into IMG (IMG_NO,B_NO,IMG_URL,PRO_NO,APL_NO,REQ_NO) values (1,null,'/upload/thumbnails/2020102685342478.jpg',1,null,null);
Insert into IMG (IMG_NO,B_NO,IMG_URL,PRO_NO,APL_NO,REQ_NO) values (32,null,'/upload/thumbnails/2020102792124576.jpg',27,null,null);
Insert into IMG (IMG_NO,B_NO,IMG_URL,PRO_NO,APL_NO,REQ_NO) values (27,null,'/upload/thumbnails/2020102782648254.jpg',22,null,null);
Insert into IMG (IMG_NO,B_NO,IMG_URL,PRO_NO,APL_NO,REQ_NO) values (28,null,'/upload/thumbnails/2020102783759693.jpg',23,null,null);
Insert into IMG (IMG_NO,B_NO,IMG_URL,PRO_NO,APL_NO,REQ_NO) values (33,null,'/upload/thumbnails/202010279303341.jpg',28,null,null);
Insert into IMG (IMG_NO,B_NO,IMG_URL,PRO_NO,APL_NO,REQ_NO) values (31,null,'/upload/thumbnails/2020102791333519.jpg',26,null,null);
Insert into IMG (IMG_NO,B_NO,IMG_URL,PRO_NO,APL_NO,REQ_NO) values (34,null,'/upload/thumbnails/20201027102518948.jpg',29,null,null);
Insert into IMG (IMG_NO,B_NO,IMG_URL,PRO_NO,APL_NO,REQ_NO) values (29,null,'/upload/thumbnails/202010278484369.jpg',24,null,null);
Insert into IMG (IMG_NO,B_NO,IMG_URL,PRO_NO,APL_NO,REQ_NO) values (30,null,'/upload/thumbnails/20201027949289.jpg',25,null,null);
Insert into IMG (IMG_NO,B_NO,IMG_URL,PRO_NO,APL_NO,REQ_NO) values (48,null,'/upload/thumbnails/202011314850144.jpg',59,null,null);
REM INSERTING into ORDERS
SET DEFINE OFF;
REM INSERTING into PROJECT
SET DEFINE OFF;
Insert into PROJECT (PRO_NO,MEM_NO,OP_NO,PRO_END,PRO_HIT,PRO_TITLE,PRO_NOW,PRO_START,PRO_STATE,PRO_TARGET,PRO_THUMB,PRO_TYPE,PROCEED,PRO_INFO) values (2,1,2,to_date('21/01/15','RR/MM/DD'),0,'어르신의 밥상을 채워주세요!',0,to_date('21/05/31','RR/MM/DD'),'종료',15000000,'/upload/thumbnails/2020103100000001.png','기부',0,null);
Insert into PROJECT (PRO_NO,MEM_NO,OP_NO,PRO_END,PRO_HIT,PRO_TITLE,PRO_NOW,PRO_START,PRO_STATE,PRO_TARGET,PRO_THUMB,PRO_TYPE,PROCEED,PRO_INFO) values (3,1,3,to_date('21/01/23','RR/MM/DD'),0,'육아필수템! 우리말, 영어, 중국어로 말하는 우리집 실내놀이터 세이하우스',0,to_date('21/04/05','RR/MM/DD'),'종료',10000000,'/upload/thumbnails/2020110500000001.jpg','펀딩',0,null);
Insert into PROJECT (PRO_NO,MEM_NO,OP_NO,PRO_END,PRO_HIT,PRO_TITLE,PRO_NOW,PRO_START,PRO_STATE,PRO_TARGET,PRO_THUMB,PRO_TYPE,PROCEED,PRO_INFO) values (4,1,4,to_date('21/02/01','RR/MM/DD'),0,'몽골아이들의 따뜻한 교실을 응원해주세요',0,to_date('21/07/10','RR/MM/DD'),'종료',12000000,'/upload/thumbnails/2020111000000001.png','기부',0,null);
Insert into PROJECT (PRO_NO,MEM_NO,OP_NO,PRO_END,PRO_HIT,PRO_TITLE,PRO_NOW,PRO_START,PRO_STATE,PRO_TARGET,PRO_THUMB,PRO_TYPE,PROCEED,PRO_INFO) values (5,1,5,to_date('21/02/04','RR/MM/DD'),0,'젖지 않고 설거지 가능! 원터치 분리형 싱크대물막이 [싱크프런]',0,to_date('21/06/13','RR/MM/DD'),'종료',7500000,'/upload/thumbnails/2020111300000001.jpg','펀딩',0,null);
Insert into PROJECT (PRO_NO,MEM_NO,OP_NO,PRO_END,PRO_HIT,PRO_TITLE,PRO_NOW,PRO_START,PRO_STATE,PRO_TARGET,PRO_THUMB,PRO_TYPE,PROCEED,PRO_INFO) values (6,1,6,to_date('21/02/08','RR/MM/DD'),0,'당신의 아이패드프로를 맥북으로 도코 올인원 키보드 케이스',0,to_date('21/05/13','RR/MM/DD'),'종료',25000000,'/upload/thumbnails/2020111300000002.jpg','펀딩',0,null);
Insert into PROJECT (PRO_NO,MEM_NO,OP_NO,PRO_END,PRO_HIT,PRO_TITLE,PRO_NOW,PRO_START,PRO_STATE,PRO_TARGET,PRO_THUMB,PRO_TYPE,PROCEED,PRO_INFO) values (7,1,7,to_date('21/02/14','RR/MM/DD'),0,'자꾸자꾸 손이가는 가방 퀄팩 해빗백 2.0',0,to_date('21/05/18','RR/MM/DD'),'종료',15000000,'/upload/thumbnails/2020111800000001.gif','펀딩',0,null);
Insert into PROJECT (PRO_NO,MEM_NO,OP_NO,PRO_END,PRO_HIT,PRO_TITLE,PRO_NOW,PRO_START,PRO_STATE,PRO_TARGET,PRO_THUMB,PRO_TYPE,PROCEED,PRO_INFO) values (8,1,8,to_date('21/02/07','RR/MM/DD'),1,'[글로벌5억]캠핑족, 러너들을 위한 가볍고 휴대성 좋은 텀블러',24000,to_date('21/04/20','RR/MM/DD'),'종료',20000000,'/upload/thumbnails/2020112000000001.jpg','펀딩',0,null);
Insert into PROJECT (PRO_NO,MEM_NO,OP_NO,PRO_END,PRO_HIT,PRO_TITLE,PRO_NOW,PRO_START,PRO_STATE,PRO_TARGET,PRO_THUMB,PRO_TYPE,PROCEED,PRO_INFO) values (9,1,9,to_date('21/02/02','RR/MM/DD'),4,'[마스크 속 피부 답답함 ZERO!] 가볍게 솜털쿠션 하세요!',875000,to_date('21/05/22','RR/MM/DD'),'종료',13000000,'/upload/thumbnails/2020112200000001.jpg','펀딩',6,null);
Insert into PROJECT (PRO_NO,MEM_NO,OP_NO,PRO_END,PRO_HIT,PRO_TITLE,PRO_NOW,PRO_START,PRO_STATE,PRO_TARGET,PRO_THUMB,PRO_TYPE,PROCEED,PRO_INFO) values (10,1,10,to_date('21/02/07','RR/MM/DD'),5,'이런 빵은 처음이지 계란, 우유, 버터없는 리얼  통밀수제식빵',5745000,to_date('21/04/25','RR/MM/DD'),'종료',25000000,'/upload/thumbnails/2020112500000001.gif','펀딩',22,null);
Insert into PROJECT (PRO_NO,MEM_NO,OP_NO,PRO_END,PRO_HIT,PRO_TITLE,PRO_NOW,PRO_START,PRO_STATE,PRO_TARGET,PRO_THUMB,PRO_TYPE,PROCEED,PRO_INFO) values (11,1,11,to_date('21/02/07','RR/MM/DD'),0,'요양원에 계신 어르신들이 어떻게 생활하면 행복 할까요?',0,to_date('21/07/27','RR/MM/DD'),'종료',15000000,'/upload/thumbnails/2020112700000001.jpg','기부',0,null);
Insert into PROJECT (PRO_NO,MEM_NO,OP_NO,PRO_END,PRO_HIT,PRO_TITLE,PRO_NOW,PRO_START,PRO_STATE,PRO_TARGET,PRO_THUMB,PRO_TYPE,PROCEED,PRO_INFO) values (12,1,12,to_date('21/01/23','RR/MM/DD'),0,'소확힐! 작지만, 확실한 힐링! 내 공간안에 들여놓는 나만의 정원',0,to_date('21/04/01','RR/MM/DD'),'종료',10000000,'/upload/thumbnails/2020120100000001.PNG','펀딩',0,null);
Insert into PROJECT (PRO_NO,MEM_NO,OP_NO,PRO_END,PRO_HIT,PRO_TITLE,PRO_NOW,PRO_START,PRO_STATE,PRO_TARGET,PRO_THUMB,PRO_TYPE,PROCEED,PRO_INFO) values (13,1,13,to_date('21/02/30','RR/MM/DD'),3,'겨울철 빨래 군내 싹! 간편하게 한장으로 빨래건조 완성,건조기섬유유연제',4230000,to_date('21/06/15','RR/MM/DD'),'종료',75000000,'/upload/thumbnails/2020121500000001.PNG','펀딩',5,null);
Insert into PROJECT (PRO_NO,MEM_NO,OP_NO,PRO_END,PRO_HIT,PRO_TITLE,PRO_NOW,PRO_START,PRO_STATE,PRO_TARGET,PRO_THUMB,PRO_TYPE,PROCEED,PRO_INFO) values (1,1,1,to_date('21/02/01','RR/MM/DD'),1,'당신이 심은 나무 한 그루, 작은 공기청정기 역할을? ',1125000,to_date('21/05/26','RR/MM/DD'),'진행',9000000,'/upload/thumbnails/2020102685342478.jpg','기부',12,null);
Insert into PROJECT (PRO_NO,MEM_NO,OP_NO,PRO_END,PRO_HIT,PRO_TITLE,PRO_NOW,PRO_START,PRO_STATE,PRO_TARGET,PRO_THUMB,PRO_TYPE,PROCEED,PRO_INFO) values (22,1,null,to_date('20/12/31','RR/MM/DD'),33,'쓰레기 없는 깨끗한 바다를 바라다',495000,to_date('20/11/27','RR/MM/DD'),'종료',9900000,'/upload/thumbnails/2020102782648254.jpg','기부',5,null);
Insert into PROJECT (PRO_NO,MEM_NO,OP_NO,PRO_END,PRO_HIT,PRO_TITLE,PRO_NOW,PRO_START,PRO_STATE,PRO_TARGET,PRO_THUMB,PRO_TYPE,PROCEED,PRO_INFO) values (23,1,null,to_date('20/12/05','RR/MM/DD'),0,'한강의 동물들이 위험하다',0,to_date('20/11/27','RR/MM/DD'),'종료',9900000,'/upload/thumbnails/2020102783759693.jpg','기부',0,null);
Insert into PROJECT (PRO_NO,MEM_NO,OP_NO,PRO_END,PRO_HIT,PRO_TITLE,PRO_NOW,PRO_START,PRO_STATE,PRO_TARGET,PRO_THUMB,PRO_TYPE,PROCEED,PRO_INFO) values (27,1,null,to_date('21/01/01','RR/MM/DD'),0,'지구를 위한 모험, 비플라스틱 놀이키트',0,to_date('20/11/27','RR/MM/DD'),'종료',5000000,'/upload/thumbnails/2020102792124576.jpg','펀딩',0,null);
Insert into PROJECT (PRO_NO,MEM_NO,OP_NO,PRO_END,PRO_HIT,PRO_TITLE,PRO_NOW,PRO_START,PRO_STATE,PRO_TARGET,PRO_THUMB,PRO_TYPE,PROCEED,PRO_INFO) values (28,1,null,to_date('21/02/17','RR/MM/DD'),0,'나무를 보며 꿈을 꾸는 아프리카 사람들',0,to_date('20/11/27','RR/MM/DD'),'진행',7600000,'/upload/thumbnails/202010279303341.jpg','기부',0,null);
Insert into PROJECT (PRO_NO,MEM_NO,OP_NO,PRO_END,PRO_HIT,PRO_TITLE,PRO_NOW,PRO_START,PRO_STATE,PRO_TARGET,PRO_THUMB,PRO_TYPE,PROCEED,PRO_INFO) values (24,1,null,to_date('21/01/20','RR/MM/DD'),0,'지구온난화는 모두의 숙제입니다.',0,to_date('21/04/27','RR/MM/DD'),'진행',9900000,'/upload/thumbnails/202010278484369.jpg','기부',0,null);
Insert into PROJECT (PRO_NO,MEM_NO,OP_NO,PRO_END,PRO_HIT,PRO_TITLE,PRO_NOW,PRO_START,PRO_STATE,PRO_TARGET,PRO_THUMB,PRO_TYPE,PROCEED,PRO_INFO) values (25,1,null,to_date('21/02/09','RR/MM/DD'),0,'지리산 반달곰을 살리는 쌤베어 담요',0,to_date('21/05/01','RR/MM/DD'),'진행',1000000,'/upload/thumbnails/20201027949289.jpg','펀딩',0,null);
Insert into PROJECT (PRO_NO,MEM_NO,OP_NO,PRO_END,PRO_HIT,PRO_TITLE,PRO_NOW,PRO_START,PRO_STATE,PRO_TARGET,PRO_THUMB,PRO_TYPE,PROCEED,PRO_INFO) values (26,1,null,to_date('21/03/02','RR/MM/DD'),0,'리사이클 알루미늄 튜브로 만든 핸드크림',0,to_date('21/05/04','RR/MM/DD'),'종료',2000000,'/upload/thumbnails/2020102791333519.jpg','펀딩',0,null);
Insert into PROJECT (PRO_NO,MEM_NO,OP_NO,PRO_END,PRO_HIT,PRO_TITLE,PRO_NOW,PRO_START,PRO_STATE,PRO_TARGET,PRO_THUMB,PRO_TYPE,PROCEED,PRO_INFO) values (29,1,null,to_date('21/04/03','RR/MM/DD'),0,'미호동 마을 어르신들이 넷제로 공판장 해유!',0,to_date('21/06/05','RR/MM/DD'),'진행',5000000,'/upload/thumbnails/20201027102518948.jpg','기부',0,null);
Insert into PROJECT (PRO_NO,MEM_NO,OP_NO,PRO_END,PRO_HIT,PRO_TITLE,PRO_NOW,PRO_START,PRO_STATE,PRO_TARGET,PRO_THUMB,PRO_TYPE,PROCEED,PRO_INFO) values (59,1,null,to_date('21/05/04','RR/MM/DD'),0,'자전거 안전하게 탈 수 있는 도시가 필요해요',0,to_date('20/07/06','RR/MM/DD'),'종료',7000000,'/upload/thumbnails/202011314850144.jpg','기부',0,null);
REM INSERTING into PROJECT_CMT
SET DEFINE OFF;
Insert into PROJECT_CMT (PRO_CMT_NO,PRO_CMT_DATE,PRO_CMT_MEM_NO,PRO_COMMENT,PRO_NO) values (1,to_timestamp('20/12/31 13:26:50.057323000','RR/MM/DD HH24:MI:SSXFF'),1,'테스트용 댓글',25);
Insert into PROJECT_CMT (PRO_CMT_NO,PRO_CMT_DATE,PRO_CMT_MEM_NO,PRO_COMMENT,PRO_NO) values (2,to_timestamp('20/12/31 13:40:28.764181000','RR/MM/DD HH24:MI:SSXFF'),1,'테스트 댓글 1!!!!!',25);
Insert into PROJECT_CMT (PRO_CMT_NO,PRO_CMT_DATE,PRO_CMT_MEM_NO,PRO_COMMENT,PRO_NO) values (3,to_timestamp('20/12/31 13:41:39.213926000','RR/MM/DD HH24:MI:SSXFF'),1,'테스트 댓글 1!!!',25);
REM INSERTING into PROJECT_LIKE
SET DEFINE OFF;
Insert into PROJECT_LIKE (LIKE_NO,LIKE_DATE,MEM_NO,PRO_NO) values (1,to_timestamp('20/12/28 11:57:55.645144000','RR/MM/DD HH24:MI:SSXFF'),1,27);
REM INSERTING into PROJECT_OPTION
SET DEFINE OFF;
Insert into PROJECT_OPTION (OP_NO,OP_NAME,OP_USED,PRICE,PRO_NO) values (2,'옵션A','y',10000,2);
Insert into PROJECT_OPTION (OP_NO,OP_NAME,OP_USED,PRICE,PRO_NO) values (3,'옵션A','y',25000,3);
Insert into PROJECT_OPTION (OP_NO,OP_NAME,OP_USED,PRICE,PRO_NO) values (4,'옵션A','y',15000,4);
Insert into PROJECT_OPTION (OP_NO,OP_NAME,OP_USED,PRICE,PRO_NO) values (5,'옵션A','y',30000,5);
Insert into PROJECT_OPTION (OP_NO,OP_NAME,OP_USED,PRICE,PRO_NO) values (6,'옵션A','y',5000,6);
Insert into PROJECT_OPTION (OP_NO,OP_NAME,OP_USED,PRICE,PRO_NO) values (7,'옵션A','y',25000,7);
Insert into PROJECT_OPTION (OP_NO,OP_NAME,OP_USED,PRICE,PRO_NO) values (8,'옵션A','y',12000,8);
Insert into PROJECT_OPTION (OP_NO,OP_NAME,OP_USED,PRICE,PRO_NO) values (9,'옵션A','y',7000,9);
Insert into PROJECT_OPTION (OP_NO,OP_NAME,OP_USED,PRICE,PRO_NO) values (10,'옵션A','y',35000,10);
Insert into PROJECT_OPTION (OP_NO,OP_NAME,OP_USED,PRICE,PRO_NO) values (11,'옵션A','y',30000,11);
Insert into PROJECT_OPTION (OP_NO,OP_NAME,OP_USED,PRICE,PRO_NO) values (12,'옵션A','y',50000,12);
Insert into PROJECT_OPTION (OP_NO,OP_NAME,OP_USED,PRICE,PRO_NO) values (13,'옵션A','y',30000,13);
Insert into PROJECT_OPTION (OP_NO,OP_NAME,OP_USED,PRICE,PRO_NO) values (1,'나무심기에 동참해주세요!','y',5000,1);
Insert into PROJECT_OPTION (OP_NO,OP_NAME,OP_USED,PRICE,PRO_NO) values (22,'쓰레기 없는 바다를 바라다','y',5000,22);
Insert into PROJECT_OPTION (OP_NO,OP_NAME,OP_USED,PRICE,PRO_NO) values (23,'한강의 동물을 구해주세요','y',3000,23);
Insert into PROJECT_OPTION (OP_NO,OP_NAME,OP_USED,PRICE,PRO_NO) values (27,'어드벤처 금액설정(수량으로 설정)','y',15000,27);
Insert into PROJECT_OPTION (OP_NO,OP_NAME,OP_USED,PRICE,PRO_NO) values (28,'아프리카 나무심기 캠페인에 동참해주세요','y',5000,28);
Insert into PROJECT_OPTION (OP_NO,OP_NAME,OP_USED,PRICE,PRO_NO) values (24,'기후변화 교육을 위해 힘써주셔 감사합니다','y',10000,24);
Insert into PROJECT_OPTION (OP_NO,OP_NAME,OP_USED,PRICE,PRO_NO) values (25,'쌤베어(SSAMBEAR) 담요 1장','y',29000,25);
Insert into PROJECT_OPTION (OP_NO,OP_NAME,OP_USED,PRICE,PRO_NO) values (26,'록시땅 2020 리미티드 시어 드라이 스킨 핸드 크림 150ml + 에코백','y',43000,26);
Insert into PROJECT_OPTION (OP_NO,OP_NAME,OP_USED,PRICE,PRO_NO) values (29,'어르신들의 넷제로','y',3000,29);
Insert into PROJECT_OPTION (OP_NO,OP_NAME,OP_USED,PRICE,PRO_NO) values (41,'1000원 기부','y',1000,59);
Insert into PROJECT_OPTION (OP_NO,OP_NAME,OP_USED,PRICE,PRO_NO) values (42,'5000원 기부','y',5000,59);
REM INSERTING into MEMBER
SET DEFINE OFF;
Insert into MEMBER (MEM_NO,MEM_ID,MEM_JOIN_DATE,MEM_NAME,MEM_PW,MEM_TEL) values (1,'admin',to_timestamp('20/11/26 19:07:52.487401000','RR/MM/DD HH24:MI:SSXFF'),'관리자','8c6976e5b5410415bde908bd4dee15dfb167a9c873fc4bb8a81f6f2ab448a918','01012341234');
Insert into MEMBER (MEM_NO,MEM_ID,MEM_JOIN_DATE,MEM_NAME,MEM_PW,MEM_TEL) values (2,'test2@gmail.com',to_timestamp('20/11/26 22:03:50.074675000','RR/MM/DD HH24:MI:SSXFF'),'test2','96cae35ce8a9b0244178bf28e4966c2ce1b8385723a96a6b838858cdd6ca0a1e','123');
Insert into MEMBER (MEM_NO,MEM_ID,MEM_JOIN_DATE,MEM_NAME,MEM_PW,MEM_TEL) values (3,'test3@hanmail.net',to_timestamp('20/11/26 19:13:57.726420000','RR/MM/DD HH24:MI:SSXFF'),'test3','96cae35ce8a9b0244178bf28e4966c2ce1b8385723a96a6b838858cdd6ca0a1e','01012341234');
Insert into MEMBER (MEM_NO,MEM_ID,MEM_JOIN_DATE,MEM_NAME,MEM_PW,MEM_TEL) values (4,'test4@naver.com',to_timestamp('20/11/26 13:20:34.000000000','RR/MM/DD HH24:MI:SSXFF'),'test4','96cae35ce8a9b0244178bf28e4966c2ce1b8385723a96a6b838858cdd6ca0a1e','01012341234');
Insert into MEMBER (MEM_NO,MEM_ID,MEM_JOIN_DATE,MEM_NAME,MEM_PW,MEM_TEL) values (5,'test5@hanmail.net',to_timestamp('20/11/26 13:20:34.000000000','RR/MM/DD HH24:MI:SSXFF'),'test5','96cae35ce8a9b0244178bf28e4966c2ce1b8385723a96a6b838858cdd6ca0a1e','01012341234');
Insert into MEMBER (MEM_NO,MEM_ID,MEM_JOIN_DATE,MEM_NAME,MEM_PW,MEM_TEL) values (6,'test6@naver.com',to_timestamp('20/11/26 13:20:34.000000000','RR/MM/DD HH24:MI:SSXFF'),'test6','96cae35ce8a9b0244178bf28e4966c2ce1b8385723a96a6b838858cdd6ca0a1e','01012341234');
Insert into MEMBER (MEM_NO,MEM_ID,MEM_JOIN_DATE,MEM_NAME,MEM_PW,MEM_TEL) values (7,'test7@hanmail.net',to_timestamp('20/11/27 03:37:28.000000000','RR/MM/DD HH24:MI:SSXFF'),'test7','96cae35ce8a9b0244178bf28e4966c2ce1b8385723a96a6b838858cdd6ca0a1e','01012341234');
Insert into MEMBER (MEM_NO,MEM_ID,MEM_JOIN_DATE,MEM_NAME,MEM_PW,MEM_TEL) values (8,'test8@naver.com',to_timestamp('20/11/27 03:37:28.000000000','RR/MM/DD HH24:MI:SSXFF'),'test8','96cae35ce8a9b0244178bf28e4966c2ce1b8385723a96a6b838858cdd6ca0a1e','01012341234');
Insert into MEMBER (MEM_NO,MEM_ID,MEM_JOIN_DATE,MEM_NAME,MEM_PW,MEM_TEL) values (9,'test9@hanmail.net',to_timestamp('20/11/27 03:37:28.000000000','RR/MM/DD HH24:MI:SSXFF'),'test9','96cae35ce8a9b0244178bf28e4966c2ce1b8385723a96a6b838858cdd6ca0a1e','01012341234');
Insert into MEMBER (MEM_NO,MEM_ID,MEM_JOIN_DATE,MEM_NAME,MEM_PW,MEM_TEL) values (10,'test10@naver.com',to_timestamp('20/11/27 03:37:28.000000000','RR/MM/DD HH24:MI:SSXFF'),'test10','96cae35ce8a9b0244178bf28e4966c2ce1b8385723a96a6b838858cdd6ca0a1e','01012341234');
Insert into MEMBER (MEM_NO,MEM_ID,MEM_JOIN_DATE,MEM_NAME,MEM_PW,MEM_TEL) values (11,'test11@hanmail.net',to_timestamp('20/11/27 03:37:28.000000000','RR/MM/DD HH24:MI:SSXFF'),'test11','96cae35ce8a9b0244178bf28e4966c2ce1b8385723a96a6b838858cdd6ca0a1e','01012341234');
Insert into MEMBER (MEM_NO,MEM_ID,MEM_JOIN_DATE,MEM_NAME,MEM_PW,MEM_TEL) values (12,'test12@naver.com',to_timestamp('20/11/27 03:37:28.000000000','RR/MM/DD HH24:MI:SSXFF'),'test12','96cae35ce8a9b0244178bf28e4966c2ce1b8385723a96a6b838858cdd6ca0a1e','01012341234');
Insert into MEMBER (MEM_NO,MEM_ID,MEM_JOIN_DATE,MEM_NAME,MEM_PW,MEM_TEL) values (13,'test13@hanmail.net',to_timestamp('20/11/27 03:37:28.000000000','RR/MM/DD HH24:MI:SSXFF'),'test13','96cae35ce8a9b0244178bf28e4966c2ce1b8385723a96a6b838858cdd6ca0a1e','01012341234');
Insert into MEMBER (MEM_NO,MEM_ID,MEM_JOIN_DATE,MEM_NAME,MEM_PW,MEM_TEL) values (14,'test14@naver.com',to_timestamp('20/11/27 03:37:28.000000000','RR/MM/DD HH24:MI:SSXFF'),'test14','96cae35ce8a9b0244178bf28e4966c2ce1b8385723a96a6b838858cdd6ca0a1e','01012341234');
Insert into MEMBER (MEM_NO,MEM_ID,MEM_JOIN_DATE,MEM_NAME,MEM_PW,MEM_TEL) values (15,'test15@hanmail.net',to_timestamp('20/11/27 03:37:28.000000000','RR/MM/DD HH24:MI:SSXFF'),'test15','96cae35ce8a9b0244178bf28e4966c2ce1b8385723a96a6b838858cdd6ca0a1e','01012341234');
Insert into MEMBER (MEM_NO,MEM_ID,MEM_JOIN_DATE,MEM_NAME,MEM_PW,MEM_TEL) values (16,'test16@naver.com',to_timestamp('20/11/27 03:37:28.000000000','RR/MM/DD HH24:MI:SSXFF'),'test16','96cae35ce8a9b0244178bf28e4966c2ce1b8385723a96a6b838858cdd6ca0a1e','01012341234');
Insert into MEMBER (MEM_NO,MEM_ID,MEM_JOIN_DATE,MEM_NAME,MEM_PW,MEM_TEL) values (17,'test17@hanmail.net',to_timestamp('20/11/27 03:37:28.000000000','RR/MM/DD HH24:MI:SSXFF'),'test17','96cae35ce8a9b0244178bf28e4966c2ce1b8385723a96a6b838858cdd6ca0a1e','01012341234');
Insert into MEMBER (MEM_NO,MEM_ID,MEM_JOIN_DATE,MEM_NAME,MEM_PW,MEM_TEL) values (18,'test18@naver.com',to_timestamp('20/11/27 03:37:28.000000000','RR/MM/DD HH24:MI:SSXFF'),'test18','96cae35ce8a9b0244178bf28e4966c2ce1b8385723a96a6b838858cdd6ca0a1e','01012341234');
Insert into MEMBER (MEM_NO,MEM_ID,MEM_JOIN_DATE,MEM_NAME,MEM_PW,MEM_TEL) values (19,'test19@hanmail.net',to_timestamp('20/11/27 03:37:28.000000000','RR/MM/DD HH24:MI:SSXFF'),'test19','96cae35ce8a9b0244178bf28e4966c2ce1b8385723a96a6b838858cdd6ca0a1e','01012341234');
Insert into MEMBER (MEM_NO,MEM_ID,MEM_JOIN_DATE,MEM_NAME,MEM_PW,MEM_TEL) values (20,'test20@naver.com',to_timestamp('20/11/27 03:37:28.000000000','RR/MM/DD HH24:MI:SSXFF'),'test20','96cae35ce8a9b0244178bf28e4966c2ce1b8385723a96a6b838858cdd6ca0a1e','01012341234');
Insert into MEMBER (MEM_NO,MEM_ID,MEM_JOIN_DATE,MEM_NAME,MEM_PW,MEM_TEL) values (21,'test21@hanmail.net',to_timestamp('20/11/27 03:37:28.000000000','RR/MM/DD HH24:MI:SSXFF'),'test21','96cae35ce8a9b0244178bf28e4966c2ce1b8385723a96a6b838858cdd6ca0a1e','01012341234');
Insert into MEMBER (MEM_NO,MEM_ID,MEM_JOIN_DATE,MEM_NAME,MEM_PW,MEM_TEL) values (22,'test22@naver.com',to_timestamp('20/11/27 03:37:28.000000000','RR/MM/DD HH24:MI:SSXFF'),'test22','96cae35ce8a9b0244178bf28e4966c2ce1b8385723a96a6b838858cdd6ca0a1e','01012341234');
Insert into MEMBER (MEM_NO,MEM_ID,MEM_JOIN_DATE,MEM_NAME,MEM_PW,MEM_TEL) values (23,'test23@hanmail.net',to_timestamp('20/11/27 03:37:28.000000000','RR/MM/DD HH24:MI:SSXFF'),'test23','96cae35ce8a9b0244178bf28e4966c2ce1b8385723a96a6b838858cdd6ca0a1e','01012341234');
Insert into MEMBER (MEM_NO,MEM_ID,MEM_JOIN_DATE,MEM_NAME,MEM_PW,MEM_TEL) values (24,'test24@naver.com',to_timestamp('20/11/27 03:37:28.000000000','RR/MM/DD HH24:MI:SSXFF'),'test24','96cae35ce8a9b0244178bf28e4966c2ce1b8385723a96a6b838858cdd6ca0a1e','01012341234');
Insert into MEMBER (MEM_NO,MEM_ID,MEM_JOIN_DATE,MEM_NAME,MEM_PW,MEM_TEL) values (25,'test25@hanmail.net',to_timestamp('20/11/27 03:37:28.000000000','RR/MM/DD HH24:MI:SSXFF'),'test25','96cae35ce8a9b0244178bf28e4966c2ce1b8385723a96a6b838858cdd6ca0a1e','01012341234');
Insert into MEMBER (MEM_NO,MEM_ID,MEM_JOIN_DATE,MEM_NAME,MEM_PW,MEM_TEL) values (26,'test26@naver.com',to_timestamp('20/11/27 03:37:28.000000000','RR/MM/DD HH24:MI:SSXFF'),'test26','96cae35ce8a9b0244178bf28e4966c2ce1b8385723a96a6b838858cdd6ca0a1e','01012341234');
Insert into MEMBER (MEM_NO,MEM_ID,MEM_JOIN_DATE,MEM_NAME,MEM_PW,MEM_TEL) values (27,'test27@hanmail.net',to_timestamp('20/11/27 03:37:28.000000000','RR/MM/DD HH24:MI:SSXFF'),'test27','96cae35ce8a9b0244178bf28e4966c2ce1b8385723a96a6b838858cdd6ca0a1e','01012341234');
Insert into MEMBER (MEM_NO,MEM_ID,MEM_JOIN_DATE,MEM_NAME,MEM_PW,MEM_TEL) values (28,'test28@naver.com',to_timestamp('20/11/27 03:37:28.000000000','RR/MM/DD HH24:MI:SSXFF'),'test28','96cae35ce8a9b0244178bf28e4966c2ce1b8385723a96a6b838858cdd6ca0a1e','01012341234');
Insert into MEMBER (MEM_NO,MEM_ID,MEM_JOIN_DATE,MEM_NAME,MEM_PW,MEM_TEL) values (29,'test29@hanmail.net',to_timestamp('20/11/27 03:37:28.000000000','RR/MM/DD HH24:MI:SSXFF'),'test29','96cae35ce8a9b0244178bf28e4966c2ce1b8385723a96a6b838858cdd6ca0a1e','01012341234');
Insert into MEMBER (MEM_NO,MEM_ID,MEM_JOIN_DATE,MEM_NAME,MEM_PW,MEM_TEL) values (30,'test30@naver.com',to_timestamp('20/11/27 03:37:28.000000000','RR/MM/DD HH24:MI:SSXFF'),'test30','96cae35ce8a9b0244178bf28e4966c2ce1b8385723a96a6b838858cdd6ca0a1e','01012341234');
Insert into MEMBER (MEM_NO,MEM_ID,MEM_JOIN_DATE,MEM_NAME,MEM_PW,MEM_TEL) values (31,'test31@hanmail.net',to_timestamp('20/11/27 03:37:28.000000000','RR/MM/DD HH24:MI:SSXFF'),'test31','96cae35ce8a9b0244178bf28e4966c2ce1b8385723a96a6b838858cdd6ca0a1e','01012341234');
Insert into MEMBER (MEM_NO,MEM_ID,MEM_JOIN_DATE,MEM_NAME,MEM_PW,MEM_TEL) values (32,'test32@naver.com',to_timestamp('20/11/27 03:37:28.000000000','RR/MM/DD HH24:MI:SSXFF'),'test32','96cae35ce8a9b0244178bf28e4966c2ce1b8385723a96a6b838858cdd6ca0a1e','01012341234');
Insert into MEMBER (MEM_NO,MEM_ID,MEM_JOIN_DATE,MEM_NAME,MEM_PW,MEM_TEL) values (33,'test33@hanmail.net',to_timestamp('20/11/27 03:37:28.000000000','RR/MM/DD HH24:MI:SSXFF'),'test33','96cae35ce8a9b0244178bf28e4966c2ce1b8385723a96a6b838858cdd6ca0a1e','01012341234');
Insert into MEMBER (MEM_NO,MEM_ID,MEM_JOIN_DATE,MEM_NAME,MEM_PW,MEM_TEL) values (34,'test34@naver.com',to_timestamp('20/11/27 03:37:28.000000000','RR/MM/DD HH24:MI:SSXFF'),'test34','96cae35ce8a9b0244178bf28e4966c2ce1b8385723a96a6b838858cdd6ca0a1e','01012341234');
Insert into MEMBER (MEM_NO,MEM_ID,MEM_JOIN_DATE,MEM_NAME,MEM_PW,MEM_TEL) values (5,'test35@hanmail.net',to_timestamp('20/11/27 03:37:28.000000000','RR/MM/DD HH24:MI:SSXFF'),'test35','96cae35ce8a9b0244178bf28e4966c2ce1b8385723a96a6b838858cdd6ca0a1e','01012341234');
Insert into MEMBER (MEM_NO,MEM_ID,MEM_JOIN_DATE,MEM_NAME,MEM_PW,MEM_TEL) values (36,'test36@naver.com',to_timestamp('20/11/27 03:37:28.000000000','RR/MM/DD HH24:MI:SSXFF'),'test36','96cae35ce8a9b0244178bf28e4966c2ce1b8385723a96a6b838858cdd6ca0a1e','01012341234');
Insert into MEMBER (MEM_NO,MEM_ID,MEM_JOIN_DATE,MEM_NAME,MEM_PW,MEM_TEL) values (37,'test37@hanmail.net',to_timestamp('20/11/27 03:37:28.000000000','RR/MM/DD HH24:MI:SSXFF'),'test37','96cae35ce8a9b0244178bf28e4966c2ce1b8385723a96a6b838858cdd6ca0a1e','01012341234');
Insert into MEMBER (MEM_NO,MEM_ID,MEM_JOIN_DATE,MEM_NAME,MEM_PW,MEM_TEL) values (38,'test38@naver.com',to_timestamp('20/11/27 03:37:28.000000000','RR/MM/DD HH24:MI:SSXFF'),'test38','96cae35ce8a9b0244178bf28e4966c2ce1b8385723a96a6b838858cdd6ca0a1e','01012341234');
Insert into MEMBER (MEM_NO,MEM_ID,MEM_JOIN_DATE,MEM_NAME,MEM_PW,MEM_TEL) values (39,'test39@hanmail.net',to_timestamp('20/11/27 03:37:28.000000000','RR/MM/DD HH24:MI:SSXFF'),'test39','96cae35ce8a9b0244178bf28e4966c2ce1b8385723a96a6b838858cdd6ca0a1e','01012341234');
Insert into MEMBER (MEM_NO,MEM_ID,MEM_JOIN_DATE,MEM_NAME,MEM_PW,MEM_TEL) values (40,'test40@naver.com',to_timestamp('20/11/27 03:37:28.000000000','RR/MM/DD HH24:MI:SSXFF'),'test40','96cae35ce8a9b0244178bf28e4966c2ce1b8385723a96a6b838858cdd6ca0a1e','01012341234');
Insert into MEMBER (MEM_NO,MEM_ID,MEM_JOIN_DATE,MEM_NAME,MEM_PW,MEM_TEL) values (41,'test41@hanmail.net',to_timestamp('20/11/27 03:37:28.000000000','RR/MM/DD HH24:MI:SSXFF'),'test41','96cae35ce8a9b0244178bf28e4966c2ce1b8385723a96a6b838858cdd6ca0a1e','01012341234');
Insert into MEMBER (MEM_NO,MEM_ID,MEM_JOIN_DATE,MEM_NAME,MEM_PW,MEM_TEL) values (42,'test42@naver.com',to_timestamp('20/11/27 03:37:28.000000000','RR/MM/DD HH24:MI:SSXFF'),'test42','96cae35ce8a9b0244178bf28e4966c2ce1b8385723a96a6b838858cdd6ca0a1e','01012341234');
Insert into MEMBER (MEM_NO,MEM_ID,MEM_JOIN_DATE,MEM_NAME,MEM_PW,MEM_TEL) values (43,'test43@hanmail.net',to_timestamp('20/11/27 03:37:28.000000000','RR/MM/DD HH24:MI:SSXFF'),'test43','96cae35ce8a9b0244178bf28e4966c2ce1b8385723a96a6b838858cdd6ca0a1e','01012341234');
Insert into MEMBER (MEM_NO,MEM_ID,MEM_JOIN_DATE,MEM_NAME,MEM_PW,MEM_TEL) values (44,'test44@naver.com',to_timestamp('20/11/27 03:37:28.000000000','RR/MM/DD HH24:MI:SSXFF'),'test44','96cae35ce8a9b0244178bf28e4966c2ce1b8385723a96a6b838858cdd6ca0a1e','01012341234');
Insert into MEMBER (MEM_NO,MEM_ID,MEM_JOIN_DATE,MEM_NAME,MEM_PW,MEM_TEL) values (45,'test45@hanmail.net',to_timestamp('20/11/27 03:37:28.000000000','RR/MM/DD HH24:MI:SSXFF'),'test45','96cae35ce8a9b0244178bf28e4966c2ce1b8385723a96a6b838858cdd6ca0a1e','01012341234');
Insert into MEMBER (MEM_NO,MEM_ID,MEM_JOIN_DATE,MEM_NAME,MEM_PW,MEM_TEL) values (46,'test46@naver.com',to_timestamp('20/11/27 03:37:28.000000000','RR/MM/DD HH24:MI:SSXFF'),'test46','96cae35ce8a9b0244178bf28e4966c2ce1b8385723a96a6b838858cdd6ca0a1e','01012341234');
Insert into MEMBER (MEM_NO,MEM_ID,MEM_JOIN_DATE,MEM_NAME,MEM_PW,MEM_TEL) values (47,'test47@hanmail.net',to_timestamp('20/11/27 03:37:28.000000000','RR/MM/DD HH24:MI:SSXFF'),'test47','96cae35ce8a9b0244178bf28e4966c2ce1b8385723a96a6b838858cdd6ca0a1e','01012341234');
Insert into MEMBER (MEM_NO,MEM_ID,MEM_JOIN_DATE,MEM_NAME,MEM_PW,MEM_TEL) values (48,'test48@naver.com',to_timestamp('20/11/27 03:37:28.000000000','RR/MM/DD HH24:MI:SSXFF'),'test48','96cae35ce8a9b0244178bf28e4966c2ce1b8385723a96a6b838858cdd6ca0a1e','01012341234');
Insert into MEMBER (MEM_NO,MEM_ID,MEM_JOIN_DATE,MEM_NAME,MEM_PW,MEM_TEL) values (49,'test49@hanmail.net',to_timestamp('20/11/27 03:37:28.000000000','RR/MM/DD HH24:MI:SSXFF'),'test49','96cae35ce8a9b0244178bf28e4966c2ce1b8385723a96a6b838858cdd6ca0a1e','01012341234');
Insert into MEMBER (MEM_NO,MEM_ID,MEM_JOIN_DATE,MEM_NAME,MEM_PW,MEM_TEL) values (50,'test50@naver.com',to_timestamp('20/11/27 03:37:28.000000000','RR/MM/DD HH24:MI:SSXFF'),'test50','96cae35ce8a9b0244178bf28e4966c2ce1b8385723a96a6b838858cdd6ca0a1e','01012341234');
Insert into MEMBER (MEM_NO,MEM_ID,MEM_JOIN_DATE,MEM_NAME,MEM_PW,MEM_TEL) values (51,'test51@hanmail.net',to_timestamp('20/11/27 03:37:28.000000000','RR/MM/DD HH24:MI:SSXFF'),'test51','96cae35ce8a9b0244178bf28e4966c2ce1b8385723a96a6b838858cdd6ca0a1e','01012341234');
Insert into MEMBER (MEM_NO,MEM_ID,MEM_JOIN_DATE,MEM_NAME,MEM_PW,MEM_TEL) values (52,'test52@naver.com',to_timestamp('20/11/27 03:37:28.000000000','RR/MM/DD HH24:MI:SSXFF'),'test52','96cae35ce8a9b0244178bf28e4966c2ce1b8385723a96a6b838858cdd6ca0a1e','01012341234');
Insert into MEMBER (MEM_NO,MEM_ID,MEM_JOIN_DATE,MEM_NAME,MEM_PW,MEM_TEL) values (53,'test53@hanmail.net',to_timestamp('20/11/27 03:37:28.000000000','RR/MM/DD HH24:MI:SSXFF'),'test53','96cae35ce8a9b0244178bf28e4966c2ce1b8385723a96a6b838858cdd6ca0a1e','01012341234');
Insert into MEMBER (MEM_NO,MEM_ID,MEM_JOIN_DATE,MEM_NAME,MEM_PW,MEM_TEL) values (54,'test54@naver.com',to_timestamp('20/11/27 03:37:28.000000000','RR/MM/DD HH24:MI:SSXFF'),'test54','96cae35ce8a9b0244178bf28e4966c2ce1b8385723a96a6b838858cdd6ca0a1e','01012341234');
Insert into MEMBER (MEM_NO,MEM_ID,MEM_JOIN_DATE,MEM_NAME,MEM_PW,MEM_TEL) values (55,'test55@hanmail.net',to_timestamp('20/11/27 03:37:28.000000000','RR/MM/DD HH24:MI:SSXFF'),'test55','96cae35ce8a9b0244178bf28e4966c2ce1b8385723a96a6b838858cdd6ca0a1e','01012341234');
Insert into MEMBER (MEM_NO,MEM_ID,MEM_JOIN_DATE,MEM_NAME,MEM_PW,MEM_TEL) values (56,'test56@naver.com',to_timestamp('20/11/27 03:37:28.000000000','RR/MM/DD HH24:MI:SSXFF'),'test56','96cae35ce8a9b0244178bf28e4966c2ce1b8385723a96a6b838858cdd6ca0a1e','01012341234');
Insert into MEMBER (MEM_NO,MEM_ID,MEM_JOIN_DATE,MEM_NAME,MEM_PW,MEM_TEL) values (57,'test57@hanmail.net',to_timestamp('20/11/27 03:37:28.000000000','RR/MM/DD HH24:MI:SSXFF'),'test57','96cae35ce8a9b0244178bf28e4966c2ce1b8385723a96a6b838858cdd6ca0a1e','01012341234');
Insert into MEMBER (MEM_NO,MEM_ID,MEM_JOIN_DATE,MEM_NAME,MEM_PW,MEM_TEL) values (58,'test58@naver.com',to_timestamp('20/11/27 03:37:28.000000000','RR/MM/DD HH24:MI:SSXFF'),'test58','96cae35ce8a9b0244178bf28e4966c2ce1b8385723a96a6b838858cdd6ca0a1e','01012341234');
Insert into MEMBER (MEM_NO,MEM_ID,MEM_JOIN_DATE,MEM_NAME,MEM_PW,MEM_TEL) values (59,'test59@hanmail.net',to_timestamp('20/11/27 03:37:28.000000000','RR/MM/DD HH24:MI:SSXFF'),'test59','96cae35ce8a9b0244178bf28e4966c2ce1b8385723a96a6b838858cdd6ca0a1e','01012341234');
Insert into MEMBER (MEM_NO,MEM_ID,MEM_JOIN_DATE,MEM_NAME,MEM_PW,MEM_TEL) values (60,'test60@naver.com',to_timestamp('20/11/27 03:37:28.000000000','RR/MM/DD HH24:MI:SSXFF'),'test60','96cae35ce8a9b0244178bf28e4966c2ce1b8385723a96a6b838858cdd6ca0a1e','01012341234');
Insert into MEMBER (MEM_NO,MEM_ID,MEM_JOIN_DATE,MEM_NAME,MEM_PW,MEM_TEL) values (61,'test61@hanmail.net',to_timestamp('20/11/27 03:37:28.000000000','RR/MM/DD HH24:MI:SSXFF'),'test61','96cae35ce8a9b0244178bf28e4966c2ce1b8385723a96a6b838858cdd6ca0a1e','01012341234');
Insert into MEMBER (MEM_NO,MEM_ID,MEM_JOIN_DATE,MEM_NAME,MEM_PW,MEM_TEL) values (62,'test62@naver.com',to_timestamp('20/11/27 03:37:28.000000000','RR/MM/DD HH24:MI:SSXFF'),'test62','96cae35ce8a9b0244178bf28e4966c2ce1b8385723a96a6b838858cdd6ca0a1e','01012341234');
Insert into MEMBER (MEM_NO,MEM_ID,MEM_JOIN_DATE,MEM_NAME,MEM_PW,MEM_TEL) values (63,'test63@hanmail.net',to_timestamp('20/11/27 03:37:28.000000000','RR/MM/DD HH24:MI:SSXFF'),'test63','96cae35ce8a9b0244178bf28e4966c2ce1b8385723a96a6b838858cdd6ca0a1e','01012341234');
Insert into MEMBER (MEM_NO,MEM_ID,MEM_JOIN_DATE,MEM_NAME,MEM_PW,MEM_TEL) values (64,'test64@naver.com',to_timestamp('20/11/27 03:37:28.000000000','RR/MM/DD HH24:MI:SSXFF'),'test64','96cae35ce8a9b0244178bf28e4966c2ce1b8385723a96a6b838858cdd6ca0a1e','01012341234');
Insert into MEMBER (MEM_NO,MEM_ID,MEM_JOIN_DATE,MEM_NAME,MEM_PW,MEM_TEL) values (65,'test65@hanmail.net',to_timestamp('20/11/27 03:37:28.000000000','RR/MM/DD HH24:MI:SSXFF'),'test65','96cae35ce8a9b0244178bf28e4966c2ce1b8385723a96a6b838858cdd6ca0a1e','01012341234');
Insert into MEMBER (MEM_NO,MEM_ID,MEM_JOIN_DATE,MEM_NAME,MEM_PW,MEM_TEL) values (66,'test66@naver.com',to_timestamp('20/11/27 03:37:28.000000000','RR/MM/DD HH24:MI:SSXFF'),'test66','96cae35ce8a9b0244178bf28e4966c2ce1b8385723a96a6b838858cdd6ca0a1e','01012341234');
Insert into MEMBER (MEM_NO,MEM_ID,MEM_JOIN_DATE,MEM_NAME,MEM_PW,MEM_TEL) values (67,'test67@hanmail.net',to_timestamp('20/11/27 03:37:28.000000000','RR/MM/DD HH24:MI:SSXFF'),'test67','96cae35ce8a9b0244178bf28e4966c2ce1b8385723a96a6b838858cdd6ca0a1e','01012341234');
Insert into MEMBER (MEM_NO,MEM_ID,MEM_JOIN_DATE,MEM_NAME,MEM_PW,MEM_TEL) values (68,'test68@naver.com',to_timestamp('20/11/27 03:37:28.000000000','RR/MM/DD HH24:MI:SSXFF'),'test68','96cae35ce8a9b0244178bf28e4966c2ce1b8385723a96a6b838858cdd6ca0a1e','01012341234');
Insert into MEMBER (MEM_NO,MEM_ID,MEM_JOIN_DATE,MEM_NAME,MEM_PW,MEM_TEL) values (69,'test69@hanmail.net',to_timestamp('20/11/27 03:37:28.000000000','RR/MM/DD HH24:MI:SSXFF'),'test69','96cae35ce8a9b0244178bf28e4966c2ce1b8385723a96a6b838858cdd6ca0a1e','01012341234');
Insert into MEMBER (MEM_NO,MEM_ID,MEM_JOIN_DATE,MEM_NAME,MEM_PW,MEM_TEL) values (70,'test70@naver.com',to_timestamp('20/11/27 03:37:28.000000000','RR/MM/DD HH24:MI:SSXFF'),'test70','96cae35ce8a9b0244178bf28e4966c2ce1b8385723a96a6b838858cdd6ca0a1e','01012341234');
Insert into MEMBER (MEM_NO,MEM_ID,MEM_JOIN_DATE,MEM_NAME,MEM_PW,MEM_TEL) values (71,'test71@hanmail.net',to_timestamp('20/11/27 03:37:28.000000000','RR/MM/DD HH24:MI:SSXFF'),'test71','96cae35ce8a9b0244178bf28e4966c2ce1b8385723a96a6b838858cdd6ca0a1e','01012341234');
Insert into MEMBER (MEM_NO,MEM_ID,MEM_JOIN_DATE,MEM_NAME,MEM_PW,MEM_TEL) values (72,'test72@naver.com',to_timestamp('20/11/27 03:37:28.000000000','RR/MM/DD HH24:MI:SSXFF'),'test72','96cae35ce8a9b0244178bf28e4966c2ce1b8385723a96a6b838858cdd6ca0a1e','01012341234');
Insert into MEMBER (MEM_NO,MEM_ID,MEM_JOIN_DATE,MEM_NAME,MEM_PW,MEM_TEL) values (73,'test73@hanmail.net',to_timestamp('20/11/27 03:37:28.000000000','RR/MM/DD HH24:MI:SSXFF'),'test73','96cae35ce8a9b0244178bf28e4966c2ce1b8385723a96a6b838858cdd6ca0a1e','01012341234');
Insert into MEMBER (MEM_NO,MEM_ID,MEM_JOIN_DATE,MEM_NAME,MEM_PW,MEM_TEL) values (74,'test74@naver.com',to_timestamp('20/11/27 03:37:28.000000000','RR/MM/DD HH24:MI:SSXFF'),'test74','96cae35ce8a9b0244178bf28e4966c2ce1b8385723a96a6b838858cdd6ca0a1e','01012341234');
Insert into MEMBER (MEM_NO,MEM_ID,MEM_JOIN_DATE,MEM_NAME,MEM_PW,MEM_TEL) values (75,'test75@hanmail.net',to_timestamp('20/11/27 03:37:28.000000000','RR/MM/DD HH24:MI:SSXFF'),'test75','96cae35ce8a9b0244178bf28e4966c2ce1b8385723a96a6b838858cdd6ca0a1e','01012341234');
Insert into MEMBER (MEM_NO,MEM_ID,MEM_JOIN_DATE,MEM_NAME,MEM_PW,MEM_TEL) values (76,'test76@naver.com',to_timestamp('20/11/27 03:37:28.000000000','RR/MM/DD HH24:MI:SSXFF'),'test76','96cae35ce8a9b0244178bf28e4966c2ce1b8385723a96a6b838858cdd6ca0a1e','01012341234');
Insert into MEMBER (MEM_NO,MEM_ID,MEM_JOIN_DATE,MEM_NAME,MEM_PW,MEM_TEL) values (77,'test77@hanmail.net',to_timestamp('20/11/27 03:37:28.000000000','RR/MM/DD HH24:MI:SSXFF'),'test77','96cae35ce8a9b0244178bf28e4966c2ce1b8385723a96a6b838858cdd6ca0a1e','01012341234');
Insert into MEMBER (MEM_NO,MEM_ID,MEM_JOIN_DATE,MEM_NAME,MEM_PW,MEM_TEL) values (78,'test78@naver.com',to_timestamp('20/11/27 03:37:28.000000000','RR/MM/DD HH24:MI:SSXFF'),'test78','96cae35ce8a9b0244178bf28e4966c2ce1b8385723a96a6b838858cdd6ca0a1e','01012341234');
Insert into MEMBER (MEM_NO,MEM_ID,MEM_JOIN_DATE,MEM_NAME,MEM_PW,MEM_TEL) values (79,'test79@hanmail.net',to_timestamp('20/11/27 03:37:28.000000000','RR/MM/DD HH24:MI:SSXFF'),'test79','96cae35ce8a9b0244178bf28e4966c2ce1b8385723a96a6b838858cdd6ca0a1e','01012341234');
Insert into MEMBER (MEM_NO,MEM_ID,MEM_JOIN_DATE,MEM_NAME,MEM_PW,MEM_TEL) values (80,'test80@naver.com',to_timestamp('20/11/27 03:37:28.000000000','RR/MM/DD HH24:MI:SSXFF'),'test80','96cae35ce8a9b0244178bf28e4966c2ce1b8385723a96a6b838858cdd6ca0a1e','01012341234');
Insert into MEMBER (MEM_NO,MEM_ID,MEM_JOIN_DATE,MEM_NAME,MEM_PW,MEM_TEL) values (81,'test81@hanmail.net',to_timestamp('20/11/27 03:37:28.000000000','RR/MM/DD HH24:MI:SSXFF'),'test81','96cae35ce8a9b0244178bf28e4966c2ce1b8385723a96a6b838858cdd6ca0a1e','01012341234');
Insert into MEMBER (MEM_NO,MEM_ID,MEM_JOIN_DATE,MEM_NAME,MEM_PW,MEM_TEL) values (82,'test82@naver.com',to_timestamp('20/11/27 03:37:28.000000000','RR/MM/DD HH24:MI:SSXFF'),'test82','96cae35ce8a9b0244178bf28e4966c2ce1b8385723a96a6b838858cdd6ca0a1e','01012341234');
Insert into MEMBER (MEM_NO,MEM_ID,MEM_JOIN_DATE,MEM_NAME,MEM_PW,MEM_TEL) values (83,'test83@hanmail.net',to_timestamp('20/11/27 03:37:28.000000000','RR/MM/DD HH24:MI:SSXFF'),'test83','96cae35ce8a9b0244178bf28e4966c2ce1b8385723a96a6b838858cdd6ca0a1e','01012341234');
Insert into MEMBER (MEM_NO,MEM_ID,MEM_JOIN_DATE,MEM_NAME,MEM_PW,MEM_TEL) values (84,'test84@naver.com',to_timestamp('20/11/27 03:37:28.000000000','RR/MM/DD HH24:MI:SSXFF'),'test84','96cae35ce8a9b0244178bf28e4966c2ce1b8385723a96a6b838858cdd6ca0a1e','01012341234');
Insert into MEMBER (MEM_NO,MEM_ID,MEM_JOIN_DATE,MEM_NAME,MEM_PW,MEM_TEL) values (85,'test85@hanmail.net',to_timestamp('20/11/27 03:37:28.000000000','RR/MM/DD HH24:MI:SSXFF'),'test85','96cae35ce8a9b0244178bf28e4966c2ce1b8385723a96a6b838858cdd6ca0a1e','01012341234');
Insert into MEMBER (MEM_NO,MEM_ID,MEM_JOIN_DATE,MEM_NAME,MEM_PW,MEM_TEL) values (86,'test86@naver.com',to_timestamp('20/11/27 03:37:28.000000000','RR/MM/DD HH24:MI:SSXFF'),'test86','96cae35ce8a9b0244178bf28e4966c2ce1b8385723a96a6b838858cdd6ca0a1e','01012341234');
Insert into MEMBER (MEM_NO,MEM_ID,MEM_JOIN_DATE,MEM_NAME,MEM_PW,MEM_TEL) values (87,'test87@hanmail.net',to_timestamp('20/11/27 03:37:28.000000000','RR/MM/DD HH24:MI:SSXFF'),'test87','96cae35ce8a9b0244178bf28e4966c2ce1b8385723a96a6b838858cdd6ca0a1e','01012341234');
Insert into MEMBER (MEM_NO,MEM_ID,MEM_JOIN_DATE,MEM_NAME,MEM_PW,MEM_TEL) values (88,'test88@naver.com',to_timestamp('20/11/27 03:37:28.000000000','RR/MM/DD HH24:MI:SSXFF'),'test88','96cae35ce8a9b0244178bf28e4966c2ce1b8385723a96a6b838858cdd6ca0a1e','01012341234');
Insert into MEMBER (MEM_NO,MEM_ID,MEM_JOIN_DATE,MEM_NAME,MEM_PW,MEM_TEL) values (89,'test89@hanmail.net',to_timestamp('20/11/27 03:37:28.000000000','RR/MM/DD HH24:MI:SSXFF'),'test89','96cae35ce8a9b0244178bf28e4966c2ce1b8385723a96a6b838858cdd6ca0a1e','01012341234');
Insert into MEMBER (MEM_NO,MEM_ID,MEM_JOIN_DATE,MEM_NAME,MEM_PW,MEM_TEL) values (90,'test90@naver.com',to_timestamp('20/11/27 03:37:28.000000000','RR/MM/DD HH24:MI:SSXFF'),'test90','96cae35ce8a9b0244178bf28e4966c2ce1b8385723a96a6b838858cdd6ca0a1e','01012341234');
Insert into MEMBER (MEM_NO,MEM_ID,MEM_JOIN_DATE,MEM_NAME,MEM_PW,MEM_TEL) values (91,'test91@hanmail.net',to_timestamp('20/11/27 03:37:28.000000000','RR/MM/DD HH24:MI:SSXFF'),'test91','96cae35ce8a9b0244178bf28e4966c2ce1b8385723a96a6b838858cdd6ca0a1e','01012341234');
Insert into MEMBER (MEM_NO,MEM_ID,MEM_JOIN_DATE,MEM_NAME,MEM_PW,MEM_TEL) values (92,'test92@naver.com',to_timestamp('20/11/27 03:37:28.000000000','RR/MM/DD HH24:MI:SSXFF'),'test92','96cae35ce8a9b0244178bf28e4966c2ce1b8385723a96a6b838858cdd6ca0a1e','01012341234');
Insert into MEMBER (MEM_NO,MEM_ID,MEM_JOIN_DATE,MEM_NAME,MEM_PW,MEM_TEL) values (93,'test93@hanmail.net',to_timestamp('20/11/27 03:37:28.000000000','RR/MM/DD HH24:MI:SSXFF'),'test93','96cae35ce8a9b0244178bf28e4966c2ce1b8385723a96a6b838858cdd6ca0a1e','01012341234');
Insert into MEMBER (MEM_NO,MEM_ID,MEM_JOIN_DATE,MEM_NAME,MEM_PW,MEM_TEL) values (94,'test94@naver.com',to_timestamp('20/11/27 03:37:28.000000000','RR/MM/DD HH24:MI:SSXFF'),'test94','96cae35ce8a9b0244178bf28e4966c2ce1b8385723a96a6b838858cdd6ca0a1e','01012341234');
Insert into MEMBER (MEM_NO,MEM_ID,MEM_JOIN_DATE,MEM_NAME,MEM_PW,MEM_TEL) values (95,'test95@hanmail.net',to_timestamp('20/11/27 03:37:28.000000000','RR/MM/DD HH24:MI:SSXFF'),'test95','96cae35ce8a9b0244178bf28e4966c2ce1b8385723a96a6b838858cdd6ca0a1e','01012341234');
Insert into MEMBER (MEM_NO,MEM_ID,MEM_JOIN_DATE,MEM_NAME,MEM_PW,MEM_TEL) values (96,'test96@naver.com',to_timestamp('20/11/27 03:37:28.000000000','RR/MM/DD HH24:MI:SSXFF'),'test96','96cae35ce8a9b0244178bf28e4966c2ce1b8385723a96a6b838858cdd6ca0a1e','01012341234');
Insert into MEMBER (MEM_NO,MEM_ID,MEM_JOIN_DATE,MEM_NAME,MEM_PW,MEM_TEL) values (97,'test97@hanmail.net',to_timestamp('20/11/27 03:37:28.000000000','RR/MM/DD HH24:MI:SSXFF'),'test97','96cae35ce8a9b0244178bf28e4966c2ce1b8385723a96a6b838858cdd6ca0a1e','01012341234');
Insert into MEMBER (MEM_NO,MEM_ID,MEM_JOIN_DATE,MEM_NAME,MEM_PW,MEM_TEL) values (98,'test98@naver.com',to_timestamp('20/11/27 03:37:28.000000000','RR/MM/DD HH24:MI:SSXFF'),'test98','96cae35ce8a9b0244178bf28e4966c2ce1b8385723a96a6b838858cdd6ca0a1e','01012341234');
Insert into MEMBER (MEM_NO,MEM_ID,MEM_JOIN_DATE,MEM_NAME,MEM_PW,MEM_TEL) values (99,'test99@hanmail.net',to_timestamp('20/11/27 03:37:28.000000000','RR/MM/DD HH24:MI:SSXFF'),'test99','96cae35ce8a9b0244178bf28e4966c2ce1b8385723a96a6b838858cdd6ca0a1e','01012341234');
Insert into MEMBER (MEM_NO,MEM_ID,MEM_JOIN_DATE,MEM_NAME,MEM_PW,MEM_TEL) values (100,'test100@naver.com',to_timestamp('20/11/27 03:37:28.000000000','RR/MM/DD HH24:MI:SSXFF'),'test100','96cae35ce8a9b0244178bf28e4966c2ce1b8385723a96a6b838858cdd6ca0a1e','01012341234');
Insert into MEMBER (MEM_NO,MEM_ID,MEM_JOIN_DATE,MEM_NAME,MEM_PW,MEM_TEL) values (101,'seceroom@gmail.com',to_timestamp('20/11/27 03:37:28.000000000','RR/MM/DD HH24:MI:SSXFF'),'네이버','96cae35ce8a9b0244178bf28e4966c2ce1b8385723a96a6b838858cdd6ca0a1e','01012341234');
REM INSERTING into MEMBER_ACCOUNT
SET DEFINE OFF;
Insert into MEMBER_ACCOUNT (ACCOUNT_NO,ACCOUNT_DATE,ACCOUNT_NAME,ACCOUNT_NUMBER,BANK_NAME,MEM_NO) values (1,to_timestamp('20/11/26 19:07:52.487401000','RR/MM/DD HH24:MI:SSXFF'),'관리자',123456789,'카카오뱅크',1);
Insert into MEMBER_ACCOUNT (ACCOUNT_NO,ACCOUNT_DATE,ACCOUNT_NAME,ACCOUNT_NUMBER,BANK_NAME,MEM_NO) values (2,to_timestamp('20/11/26 22:03:50.074675000','RR/MM/DD HH24:MI:SSXFF'),'test2',123123123,'신한은행',2);
Insert into MEMBER_ACCOUNT (ACCOUNT_NO,ACCOUNT_DATE,ACCOUNT_NAME,ACCOUNT_NUMBER,BANK_NAME,MEM_NO) values (3,to_timestamp('20/11/27 03:41:31.000000000','RR/MM/DD HH24:MI:SSXFF'),'test3',123456789,'신한은행',3);
Insert into MEMBER_ACCOUNT (ACCOUNT_NO,ACCOUNT_DATE,ACCOUNT_NAME,ACCOUNT_NUMBER,BANK_NAME,MEM_NO) values (4,to_timestamp('20/11/27 03:41:31.000000000','RR/MM/DD HH24:MI:SSXFF'),'test4',123456789,'신한은행',4);
Insert into MEMBER_ACCOUNT (ACCOUNT_NO,ACCOUNT_DATE,ACCOUNT_NAME,ACCOUNT_NUMBER,BANK_NAME,MEM_NO) values (5,to_timestamp('20/11/27 03:41:31.000000000','RR/MM/DD HH24:MI:SSXFF'),'test5',123456789,'신한은행',5);
Insert into MEMBER_ACCOUNT (ACCOUNT_NO,ACCOUNT_DATE,ACCOUNT_NAME,ACCOUNT_NUMBER,BANK_NAME,MEM_NO) values (6,to_timestamp('20/11/27 03:41:31.000000000','RR/MM/DD HH24:MI:SSXFF'),'test6',123456789,'신한은행',6);
Insert into MEMBER_ACCOUNT (ACCOUNT_NO,ACCOUNT_DATE,ACCOUNT_NAME,ACCOUNT_NUMBER,BANK_NAME,MEM_NO) values (7,to_timestamp('20/11/27 03:41:31.000000000','RR/MM/DD HH24:MI:SSXFF'),'test7',123456789,'신한은행',7);
Insert into MEMBER_ACCOUNT (ACCOUNT_NO,ACCOUNT_DATE,ACCOUNT_NAME,ACCOUNT_NUMBER,BANK_NAME,MEM_NO) values (8,to_timestamp('20/11/27 03:41:31.000000000','RR/MM/DD HH24:MI:SSXFF'),'test8',123456789,'신한은행',8);
Insert into MEMBER_ACCOUNT (ACCOUNT_NO,ACCOUNT_DATE,ACCOUNT_NAME,ACCOUNT_NUMBER,BANK_NAME,MEM_NO) values (9,to_timestamp('20/11/27 03:41:31.000000000','RR/MM/DD HH24:MI:SSXFF'),'test19',123456789,'신한은행',9);
Insert into MEMBER_ACCOUNT (ACCOUNT_NO,ACCOUNT_DATE,ACCOUNT_NAME,ACCOUNT_NUMBER,BANK_NAME,MEM_NO) values (10,to_timestamp('20/11/27 03:41:31.000000000','RR/MM/DD HH24:MI:SSXFF'),'test10',123456789,'신한은행',10);
Insert into MEMBER_ACCOUNT (ACCOUNT_NO,ACCOUNT_DATE,ACCOUNT_NAME,ACCOUNT_NUMBER,BANK_NAME,MEM_NO) values (11,to_timestamp('20/11/27 03:41:31.000000000','RR/MM/DD HH24:MI:SSXFF'),'test11',123456789,'신한은행',11);
Insert into MEMBER_ACCOUNT (ACCOUNT_NO,ACCOUNT_DATE,ACCOUNT_NAME,ACCOUNT_NUMBER,BANK_NAME,MEM_NO) values (12,to_timestamp('20/11/27 03:41:31.000000000','RR/MM/DD HH24:MI:SSXFF'),'test12',123456789,'신한은행',12);
Insert into MEMBER_ACCOUNT (ACCOUNT_NO,ACCOUNT_DATE,ACCOUNT_NAME,ACCOUNT_NUMBER,BANK_NAME,MEM_NO) values (13,to_timestamp('20/11/27 03:41:31.000000000','RR/MM/DD HH24:MI:SSXFF'),'test13',123456789,'신한은행',13);
Insert into MEMBER_ACCOUNT (ACCOUNT_NO,ACCOUNT_DATE,ACCOUNT_NAME,ACCOUNT_NUMBER,BANK_NAME,MEM_NO) values (14,to_timestamp('20/11/27 03:41:31.000000000','RR/MM/DD HH24:MI:SSXFF'),'test14',123456789,'신한은행',14);
Insert into MEMBER_ACCOUNT (ACCOUNT_NO,ACCOUNT_DATE,ACCOUNT_NAME,ACCOUNT_NUMBER,BANK_NAME,MEM_NO) values (15,to_timestamp('20/11/27 03:41:31.000000000','RR/MM/DD HH24:MI:SSXFF'),'test15',123456789,'신한은행',15);
Insert into MEMBER_ACCOUNT (ACCOUNT_NO,ACCOUNT_DATE,ACCOUNT_NAME,ACCOUNT_NUMBER,BANK_NAME,MEM_NO) values (16,to_timestamp('20/11/27 03:41:31.000000000','RR/MM/DD HH24:MI:SSXFF'),'test16',123456789,'신한은행',16);
Insert into MEMBER_ACCOUNT (ACCOUNT_NO,ACCOUNT_DATE,ACCOUNT_NAME,ACCOUNT_NUMBER,BANK_NAME,MEM_NO) values (17,to_timestamp('20/11/27 03:41:31.000000000','RR/MM/DD HH24:MI:SSXFF'),'test17',123456789,'신한은행',17);
Insert into MEMBER_ACCOUNT (ACCOUNT_NO,ACCOUNT_DATE,ACCOUNT_NAME,ACCOUNT_NUMBER,BANK_NAME,MEM_NO) values (18,to_timestamp('20/11/27 03:41:31.000000000','RR/MM/DD HH24:MI:SSXFF'),'test18',123456789,'신한은행',18);
Insert into MEMBER_ACCOUNT (ACCOUNT_NO,ACCOUNT_DATE,ACCOUNT_NAME,ACCOUNT_NUMBER,BANK_NAME,MEM_NO) values (19,to_timestamp('20/11/27 03:41:31.000000000','RR/MM/DD HH24:MI:SSXFF'),'test19',123456789,'신한은행',19);
Insert into MEMBER_ACCOUNT (ACCOUNT_NO,ACCOUNT_DATE,ACCOUNT_NAME,ACCOUNT_NUMBER,BANK_NAME,MEM_NO) values (20,to_timestamp('20/11/27 03:41:31.000000000','RR/MM/DD HH24:MI:SSXFF'),'test20',123456789,'신한은행',20);
Insert into MEMBER_ACCOUNT (ACCOUNT_NO,ACCOUNT_DATE,ACCOUNT_NAME,ACCOUNT_NUMBER,BANK_NAME,MEM_NO) values (21,to_timestamp('20/11/27 03:41:31.000000000','RR/MM/DD HH24:MI:SSXFF'),'test21',123456789,'신한은행',21);
Insert into MEMBER_ACCOUNT (ACCOUNT_NO,ACCOUNT_DATE,ACCOUNT_NAME,ACCOUNT_NUMBER,BANK_NAME,MEM_NO) values (22,to_timestamp('20/11/27 03:41:31.000000000','RR/MM/DD HH24:MI:SSXFF'),'test22',123456789,'신한은행',22);
Insert into MEMBER_ACCOUNT (ACCOUNT_NO,ACCOUNT_DATE,ACCOUNT_NAME,ACCOUNT_NUMBER,BANK_NAME,MEM_NO) values (23,to_timestamp('20/11/27 03:41:31.000000000','RR/MM/DD HH24:MI:SSXFF'),'test23',123456789,'신한은행',23);
Insert into MEMBER_ACCOUNT (ACCOUNT_NO,ACCOUNT_DATE,ACCOUNT_NAME,ACCOUNT_NUMBER,BANK_NAME,MEM_NO) values (24,to_timestamp('20/11/27 03:41:31.000000000','RR/MM/DD HH24:MI:SSXFF'),'test24',123456789,'신한은행',24);
Insert into MEMBER_ACCOUNT (ACCOUNT_NO,ACCOUNT_DATE,ACCOUNT_NAME,ACCOUNT_NUMBER,BANK_NAME,MEM_NO) values (25,to_timestamp('20/11/27 03:41:31.000000000','RR/MM/DD HH24:MI:SSXFF'),'test25',123456789,'신한은행',25);
Insert into MEMBER_ACCOUNT (ACCOUNT_NO,ACCOUNT_DATE,ACCOUNT_NAME,ACCOUNT_NUMBER,BANK_NAME,MEM_NO) values (26,to_timestamp('20/11/27 03:41:31.000000000','RR/MM/DD HH24:MI:SSXFF'),'test26',123456789,'신한은행',26);
Insert into MEMBER_ACCOUNT (ACCOUNT_NO,ACCOUNT_DATE,ACCOUNT_NAME,ACCOUNT_NUMBER,BANK_NAME,MEM_NO) values (27,to_timestamp('20/11/27 03:41:31.000000000','RR/MM/DD HH24:MI:SSXFF'),'test27',123456789,'신한은행',27);
Insert into MEMBER_ACCOUNT (ACCOUNT_NO,ACCOUNT_DATE,ACCOUNT_NAME,ACCOUNT_NUMBER,BANK_NAME,MEM_NO) values (28,to_timestamp('20/11/27 03:41:31.000000000','RR/MM/DD HH24:MI:SSXFF'),'test28',123456789,'신한은행',28);
Insert into MEMBER_ACCOUNT (ACCOUNT_NO,ACCOUNT_DATE,ACCOUNT_NAME,ACCOUNT_NUMBER,BANK_NAME,MEM_NO) values (29,to_timestamp('20/11/27 03:41:31.000000000','RR/MM/DD HH24:MI:SSXFF'),'test29',123456789,'신한은행',29);
Insert into MEMBER_ACCOUNT (ACCOUNT_NO,ACCOUNT_DATE,ACCOUNT_NAME,ACCOUNT_NUMBER,BANK_NAME,MEM_NO) values (30,to_timestamp('20/11/27 03:41:31.000000000','RR/MM/DD HH24:MI:SSXFF'),'test30',123456789,'신한은행',30);
Insert into MEMBER_ACCOUNT (ACCOUNT_NO,ACCOUNT_DATE,ACCOUNT_NAME,ACCOUNT_NUMBER,BANK_NAME,MEM_NO) values (31,to_timestamp('20/11/27 03:41:31.000000000','RR/MM/DD HH24:MI:SSXFF'),'test31',123456789,'신한은행',31);
Insert into MEMBER_ACCOUNT (ACCOUNT_NO,ACCOUNT_DATE,ACCOUNT_NAME,ACCOUNT_NUMBER,BANK_NAME,MEM_NO) values (32,to_timestamp('20/11/27 03:41:31.000000000','RR/MM/DD HH24:MI:SSXFF'),'test32',123456789,'신한은행',32);
Insert into MEMBER_ACCOUNT (ACCOUNT_NO,ACCOUNT_DATE,ACCOUNT_NAME,ACCOUNT_NUMBER,BANK_NAME,MEM_NO) values (33,to_timestamp('20/11/27 03:41:31.000000000','RR/MM/DD HH24:MI:SSXFF'),'test33',123456789,'신한은행',33);
Insert into MEMBER_ACCOUNT (ACCOUNT_NO,ACCOUNT_DATE,ACCOUNT_NAME,ACCOUNT_NUMBER,BANK_NAME,MEM_NO) values (34,to_timestamp('20/11/27 03:41:31.000000000','RR/MM/DD HH24:MI:SSXFF'),'test34',123456789,'신한은행',34);
Insert into MEMBER_ACCOUNT (ACCOUNT_NO,ACCOUNT_DATE,ACCOUNT_NAME,ACCOUNT_NUMBER,BANK_NAME,MEM_NO) values (35,to_timestamp('20/11/27 03:41:31.000000000','RR/MM/DD HH24:MI:SSXFF'),'test35',123456789,'신한은행',35);
Insert into MEMBER_ACCOUNT (ACCOUNT_NO,ACCOUNT_DATE,ACCOUNT_NAME,ACCOUNT_NUMBER,BANK_NAME,MEM_NO) values (36,to_timestamp('20/11/27 03:41:31.000000000','RR/MM/DD HH24:MI:SSXFF'),'test36',123456789,'신한은행',36);
Insert into MEMBER_ACCOUNT (ACCOUNT_NO,ACCOUNT_DATE,ACCOUNT_NAME,ACCOUNT_NUMBER,BANK_NAME,MEM_NO) values (37,to_timestamp('20/11/27 03:41:31.000000000','RR/MM/DD HH24:MI:SSXFF'),'test37',123456789,'신한은행',37);
Insert into MEMBER_ACCOUNT (ACCOUNT_NO,ACCOUNT_DATE,ACCOUNT_NAME,ACCOUNT_NUMBER,BANK_NAME,MEM_NO) values (38,to_timestamp('20/11/27 03:41:31.000000000','RR/MM/DD HH24:MI:SSXFF'),'test38',123456789,'신한은행',38);
Insert into MEMBER_ACCOUNT (ACCOUNT_NO,ACCOUNT_DATE,ACCOUNT_NAME,ACCOUNT_NUMBER,BANK_NAME,MEM_NO) values (39,to_timestamp('20/11/27 03:41:31.000000000','RR/MM/DD HH24:MI:SSXFF'),'test39',123456789,'신한은행',39);
Insert into MEMBER_ACCOUNT (ACCOUNT_NO,ACCOUNT_DATE,ACCOUNT_NAME,ACCOUNT_NUMBER,BANK_NAME,MEM_NO) values (40,to_timestamp('20/11/27 03:41:31.000000000','RR/MM/DD HH24:MI:SSXFF'),'test40',123456789,'신한은행',40);
Insert into MEMBER_ACCOUNT (ACCOUNT_NO,ACCOUNT_DATE,ACCOUNT_NAME,ACCOUNT_NUMBER,BANK_NAME,MEM_NO) values (41,to_timestamp('20/11/27 03:41:31.000000000','RR/MM/DD HH24:MI:SSXFF'),'test41',123456789,'신한은행',41);
Insert into MEMBER_ACCOUNT (ACCOUNT_NO,ACCOUNT_DATE,ACCOUNT_NAME,ACCOUNT_NUMBER,BANK_NAME,MEM_NO) values (42,to_timestamp('20/11/27 03:41:31.000000000','RR/MM/DD HH24:MI:SSXFF'),'test42',123456789,'신한은행',42);
Insert into MEMBER_ACCOUNT (ACCOUNT_NO,ACCOUNT_DATE,ACCOUNT_NAME,ACCOUNT_NUMBER,BANK_NAME,MEM_NO) values (43,to_timestamp('20/11/27 03:41:31.000000000','RR/MM/DD HH24:MI:SSXFF'),'test43',123456789,'신한은행',43);
Insert into MEMBER_ACCOUNT (ACCOUNT_NO,ACCOUNT_DATE,ACCOUNT_NAME,ACCOUNT_NUMBER,BANK_NAME,MEM_NO) values (44,to_timestamp('20/11/27 03:41:31.000000000','RR/MM/DD HH24:MI:SSXFF'),'test44',123456789,'신한은행',44);
Insert into MEMBER_ACCOUNT (ACCOUNT_NO,ACCOUNT_DATE,ACCOUNT_NAME,ACCOUNT_NUMBER,BANK_NAME,MEM_NO) values (45,to_timestamp('20/11/27 03:41:31.000000000','RR/MM/DD HH24:MI:SSXFF'),'test45',123456789,'신한은행',45);
Insert into MEMBER_ACCOUNT (ACCOUNT_NO,ACCOUNT_DATE,ACCOUNT_NAME,ACCOUNT_NUMBER,BANK_NAME,MEM_NO) values (46,to_timestamp('20/11/27 03:41:31.000000000','RR/MM/DD HH24:MI:SSXFF'),'test46',123456789,'신한은행',46);
Insert into MEMBER_ACCOUNT (ACCOUNT_NO,ACCOUNT_DATE,ACCOUNT_NAME,ACCOUNT_NUMBER,BANK_NAME,MEM_NO) values (47,to_timestamp('20/11/27 03:41:31.000000000','RR/MM/DD HH24:MI:SSXFF'),'test47',123456789,'신한은행',47);
Insert into MEMBER_ACCOUNT (ACCOUNT_NO,ACCOUNT_DATE,ACCOUNT_NAME,ACCOUNT_NUMBER,BANK_NAME,MEM_NO) values (48,to_timestamp('20/11/27 03:41:31.000000000','RR/MM/DD HH24:MI:SSXFF'),'test48',123456789,'신한은행',48);
Insert into MEMBER_ACCOUNT (ACCOUNT_NO,ACCOUNT_DATE,ACCOUNT_NAME,ACCOUNT_NUMBER,BANK_NAME,MEM_NO) values (49,to_timestamp('20/11/27 03:41:31.000000000','RR/MM/DD HH24:MI:SSXFF'),'test49',123456789,'신한은행',49);
Insert into MEMBER_ACCOUNT (ACCOUNT_NO,ACCOUNT_DATE,ACCOUNT_NAME,ACCOUNT_NUMBER,BANK_NAME,MEM_NO) values (50,to_timestamp('20/11/27 03:41:31.000000000','RR/MM/DD HH24:MI:SSXFF'),'test50',123456789,'신한은행',50);
Insert into MEMBER_ACCOUNT (ACCOUNT_NO,ACCOUNT_DATE,ACCOUNT_NAME,ACCOUNT_NUMBER,BANK_NAME,MEM_NO) values (51,to_timestamp('20/11/27 03:41:31.000000000','RR/MM/DD HH24:MI:SSXFF'),'test51',123456789,'신한은행',51);
Insert into MEMBER_ACCOUNT (ACCOUNT_NO,ACCOUNT_DATE,ACCOUNT_NAME,ACCOUNT_NUMBER,BANK_NAME,MEM_NO) values (52,to_timestamp('20/11/27 03:41:31.000000000','RR/MM/DD HH24:MI:SSXFF'),'test52',123456789,'신한은행',52);
Insert into MEMBER_ACCOUNT (ACCOUNT_NO,ACCOUNT_DATE,ACCOUNT_NAME,ACCOUNT_NUMBER,BANK_NAME,MEM_NO) values (53,to_timestamp('20/11/27 03:41:31.000000000','RR/MM/DD HH24:MI:SSXFF'),'test53',123456789,'신한은행',53);
Insert into MEMBER_ACCOUNT (ACCOUNT_NO,ACCOUNT_DATE,ACCOUNT_NAME,ACCOUNT_NUMBER,BANK_NAME,MEM_NO) values (54,to_timestamp('20/11/27 03:41:31.000000000','RR/MM/DD HH24:MI:SSXFF'),'test54',123456789,'신한은행',54);
Insert into MEMBER_ACCOUNT (ACCOUNT_NO,ACCOUNT_DATE,ACCOUNT_NAME,ACCOUNT_NUMBER,BANK_NAME,MEM_NO) values (55,to_timestamp('20/11/27 03:41:31.000000000','RR/MM/DD HH24:MI:SSXFF'),'test55',123456789,'신한은행',55);
Insert into MEMBER_ACCOUNT (ACCOUNT_NO,ACCOUNT_DATE,ACCOUNT_NAME,ACCOUNT_NUMBER,BANK_NAME,MEM_NO) values (56,to_timestamp('20/11/27 03:41:31.000000000','RR/MM/DD HH24:MI:SSXFF'),'test56',123456789,'신한은행',56);
Insert into MEMBER_ACCOUNT (ACCOUNT_NO,ACCOUNT_DATE,ACCOUNT_NAME,ACCOUNT_NUMBER,BANK_NAME,MEM_NO) values (57,to_timestamp('20/11/27 03:41:31.000000000','RR/MM/DD HH24:MI:SSXFF'),'test57',123456789,'신한은행',57);
Insert into MEMBER_ACCOUNT (ACCOUNT_NO,ACCOUNT_DATE,ACCOUNT_NAME,ACCOUNT_NUMBER,BANK_NAME,MEM_NO) values (58,to_timestamp('20/11/27 03:41:31.000000000','RR/MM/DD HH24:MI:SSXFF'),'test58',123456789,'신한은행',58);
Insert into MEMBER_ACCOUNT (ACCOUNT_NO,ACCOUNT_DATE,ACCOUNT_NAME,ACCOUNT_NUMBER,BANK_NAME,MEM_NO) values (59,to_timestamp('20/11/27 03:41:31.000000000','RR/MM/DD HH24:MI:SSXFF'),'test59',123456789,'신한은행',59);
Insert into MEMBER_ACCOUNT (ACCOUNT_NO,ACCOUNT_DATE,ACCOUNT_NAME,ACCOUNT_NUMBER,BANK_NAME,MEM_NO) values (60,to_timestamp('20/11/27 03:41:31.000000000','RR/MM/DD HH24:MI:SSXFF'),'test60',123456789,'신한은행',60);
Insert into MEMBER_ACCOUNT (ACCOUNT_NO,ACCOUNT_DATE,ACCOUNT_NAME,ACCOUNT_NUMBER,BANK_NAME,MEM_NO) values (61,to_timestamp('20/11/27 03:41:31.000000000','RR/MM/DD HH24:MI:SSXFF'),'test61',123456789,'신한은행',61);
Insert into MEMBER_ACCOUNT (ACCOUNT_NO,ACCOUNT_DATE,ACCOUNT_NAME,ACCOUNT_NUMBER,BANK_NAME,MEM_NO) values (62,to_timestamp('20/11/27 03:41:31.000000000','RR/MM/DD HH24:MI:SSXFF'),'test62',123456789,'신한은행',62);
Insert into MEMBER_ACCOUNT (ACCOUNT_NO,ACCOUNT_DATE,ACCOUNT_NAME,ACCOUNT_NUMBER,BANK_NAME,MEM_NO) values (63,to_timestamp('20/11/27 03:41:31.000000000','RR/MM/DD HH24:MI:SSXFF'),'test63',123456789,'신한은행',63);
Insert into MEMBER_ACCOUNT (ACCOUNT_NO,ACCOUNT_DATE,ACCOUNT_NAME,ACCOUNT_NUMBER,BANK_NAME,MEM_NO) values (64,to_timestamp('20/11/27 03:41:31.000000000','RR/MM/DD HH24:MI:SSXFF'),'test64',123456789,'신한은행',64);
Insert into MEMBER_ACCOUNT (ACCOUNT_NO,ACCOUNT_DATE,ACCOUNT_NAME,ACCOUNT_NUMBER,BANK_NAME,MEM_NO) values (65,to_timestamp('20/11/27 03:41:31.000000000','RR/MM/DD HH24:MI:SSXFF'),'test65',123456789,'신한은행',65);
Insert into MEMBER_ACCOUNT (ACCOUNT_NO,ACCOUNT_DATE,ACCOUNT_NAME,ACCOUNT_NUMBER,BANK_NAME,MEM_NO) values (66,to_timestamp('20/11/27 03:41:31.000000000','RR/MM/DD HH24:MI:SSXFF'),'test66',123456789,'신한은행',66);
Insert into MEMBER_ACCOUNT (ACCOUNT_NO,ACCOUNT_DATE,ACCOUNT_NAME,ACCOUNT_NUMBER,BANK_NAME,MEM_NO) values (67,to_timestamp('20/11/27 03:41:31.000000000','RR/MM/DD HH24:MI:SSXFF'),'test67',123456789,'신한은행',67);
Insert into MEMBER_ACCOUNT (ACCOUNT_NO,ACCOUNT_DATE,ACCOUNT_NAME,ACCOUNT_NUMBER,BANK_NAME,MEM_NO) values (68,to_timestamp('20/11/27 03:41:31.000000000','RR/MM/DD HH24:MI:SSXFF'),'test68',123456789,'신한은행',68);
Insert into MEMBER_ACCOUNT (ACCOUNT_NO,ACCOUNT_DATE,ACCOUNT_NAME,ACCOUNT_NUMBER,BANK_NAME,MEM_NO) values (69,to_timestamp('20/11/27 03:41:31.000000000','RR/MM/DD HH24:MI:SSXFF'),'test69',123456789,'신한은행',69);
Insert into MEMBER_ACCOUNT (ACCOUNT_NO,ACCOUNT_DATE,ACCOUNT_NAME,ACCOUNT_NUMBER,BANK_NAME,MEM_NO) values (70,to_timestamp('20/11/27 03:41:31.000000000','RR/MM/DD HH24:MI:SSXFF'),'test70',123456789,'신한은행',70);
Insert into MEMBER_ACCOUNT (ACCOUNT_NO,ACCOUNT_DATE,ACCOUNT_NAME,ACCOUNT_NUMBER,BANK_NAME,MEM_NO) values (71,to_timestamp('20/11/27 03:41:31.000000000','RR/MM/DD HH24:MI:SSXFF'),'test71',123456789,'신한은행',71);
Insert into MEMBER_ACCOUNT (ACCOUNT_NO,ACCOUNT_DATE,ACCOUNT_NAME,ACCOUNT_NUMBER,BANK_NAME,MEM_NO) values (72,to_timestamp('20/11/27 03:41:31.000000000','RR/MM/DD HH24:MI:SSXFF'),'test72',123456789,'신한은행',72);
Insert into MEMBER_ACCOUNT (ACCOUNT_NO,ACCOUNT_DATE,ACCOUNT_NAME,ACCOUNT_NUMBER,BANK_NAME,MEM_NO) values (73,to_timestamp('20/11/27 03:41:31.000000000','RR/MM/DD HH24:MI:SSXFF'),'test73',123456789,'신한은행',73);
Insert into MEMBER_ACCOUNT (ACCOUNT_NO,ACCOUNT_DATE,ACCOUNT_NAME,ACCOUNT_NUMBER,BANK_NAME,MEM_NO) values (74,to_timestamp('20/11/27 03:41:31.000000000','RR/MM/DD HH24:MI:SSXFF'),'test74',123456789,'신한은행',74);
Insert into MEMBER_ACCOUNT (ACCOUNT_NO,ACCOUNT_DATE,ACCOUNT_NAME,ACCOUNT_NUMBER,BANK_NAME,MEM_NO) values (75,to_timestamp('20/11/27 03:41:31.000000000','RR/MM/DD HH24:MI:SSXFF'),'test75',123456789,'신한은행',75);
Insert into MEMBER_ACCOUNT (ACCOUNT_NO,ACCOUNT_DATE,ACCOUNT_NAME,ACCOUNT_NUMBER,BANK_NAME,MEM_NO) values (76,to_timestamp('20/11/27 03:41:31.000000000','RR/MM/DD HH24:MI:SSXFF'),'test76',123456789,'신한은행',76);
Insert into MEMBER_ACCOUNT (ACCOUNT_NO,ACCOUNT_DATE,ACCOUNT_NAME,ACCOUNT_NUMBER,BANK_NAME,MEM_NO) values (77,to_timestamp('20/11/27 03:41:31.000000000','RR/MM/DD HH24:MI:SSXFF'),'test77',123456789,'신한은행',77);
Insert into MEMBER_ACCOUNT (ACCOUNT_NO,ACCOUNT_DATE,ACCOUNT_NAME,ACCOUNT_NUMBER,BANK_NAME,MEM_NO) values (78,to_timestamp('20/11/27 03:41:31.000000000','RR/MM/DD HH24:MI:SSXFF'),'test78',123456789,'신한은행',78);
Insert into MEMBER_ACCOUNT (ACCOUNT_NO,ACCOUNT_DATE,ACCOUNT_NAME,ACCOUNT_NUMBER,BANK_NAME,MEM_NO) values (79,to_timestamp('20/11/27 03:41:31.000000000','RR/MM/DD HH24:MI:SSXFF'),'test79',123456789,'신한은행',79);
Insert into MEMBER_ACCOUNT (ACCOUNT_NO,ACCOUNT_DATE,ACCOUNT_NAME,ACCOUNT_NUMBER,BANK_NAME,MEM_NO) values (80,to_timestamp('20/11/27 03:41:31.000000000','RR/MM/DD HH24:MI:SSXFF'),'test80',123456789,'신한은행',80);
Insert into MEMBER_ACCOUNT (ACCOUNT_NO,ACCOUNT_DATE,ACCOUNT_NAME,ACCOUNT_NUMBER,BANK_NAME,MEM_NO) values (81,to_timestamp('20/11/27 03:41:31.000000000','RR/MM/DD HH24:MI:SSXFF'),'test81',123456789,'신한은행',81);
Insert into MEMBER_ACCOUNT (ACCOUNT_NO,ACCOUNT_DATE,ACCOUNT_NAME,ACCOUNT_NUMBER,BANK_NAME,MEM_NO) values (82,to_timestamp('20/11/27 03:41:31.000000000','RR/MM/DD HH24:MI:SSXFF'),'test82',123456789,'신한은행',82);
Insert into MEMBER_ACCOUNT (ACCOUNT_NO,ACCOUNT_DATE,ACCOUNT_NAME,ACCOUNT_NUMBER,BANK_NAME,MEM_NO) values (83,to_timestamp('20/11/27 03:41:31.000000000','RR/MM/DD HH24:MI:SSXFF'),'test83',123456789,'신한은행',83);
Insert into MEMBER_ACCOUNT (ACCOUNT_NO,ACCOUNT_DATE,ACCOUNT_NAME,ACCOUNT_NUMBER,BANK_NAME,MEM_NO) values (84,to_timestamp('20/11/27 03:41:31.000000000','RR/MM/DD HH24:MI:SSXFF'),'test84',123456789,'신한은행',84);
Insert into MEMBER_ACCOUNT (ACCOUNT_NO,ACCOUNT_DATE,ACCOUNT_NAME,ACCOUNT_NUMBER,BANK_NAME,MEM_NO) values (85,to_timestamp('20/11/27 03:41:31.000000000','RR/MM/DD HH24:MI:SSXFF'),'test85',123456789,'신한은행',85);
Insert into MEMBER_ACCOUNT (ACCOUNT_NO,ACCOUNT_DATE,ACCOUNT_NAME,ACCOUNT_NUMBER,BANK_NAME,MEM_NO) values (86,to_timestamp('20/11/27 03:41:31.000000000','RR/MM/DD HH24:MI:SSXFF'),'test86',123456789,'신한은행',86);
Insert into MEMBER_ACCOUNT (ACCOUNT_NO,ACCOUNT_DATE,ACCOUNT_NAME,ACCOUNT_NUMBER,BANK_NAME,MEM_NO) values (87,to_timestamp('20/11/27 03:41:31.000000000','RR/MM/DD HH24:MI:SSXFF'),'test87',123456789,'신한은행',87);
Insert into MEMBER_ACCOUNT (ACCOUNT_NO,ACCOUNT_DATE,ACCOUNT_NAME,ACCOUNT_NUMBER,BANK_NAME,MEM_NO) values (88,to_timestamp('20/11/27 03:41:31.000000000','RR/MM/DD HH24:MI:SSXFF'),'test88',123456789,'신한은행',88);
Insert into MEMBER_ACCOUNT (ACCOUNT_NO,ACCOUNT_DATE,ACCOUNT_NAME,ACCOUNT_NUMBER,BANK_NAME,MEM_NO) values (89,to_timestamp('20/11/27 03:41:31.000000000','RR/MM/DD HH24:MI:SSXFF'),'test89',123456789,'신한은행',89);
Insert into MEMBER_ACCOUNT (ACCOUNT_NO,ACCOUNT_DATE,ACCOUNT_NAME,ACCOUNT_NUMBER,BANK_NAME,MEM_NO) values (90,to_timestamp('20/11/27 03:41:31.000000000','RR/MM/DD HH24:MI:SSXFF'),'test90',123456789,'신한은행',90);
Insert into MEMBER_ACCOUNT (ACCOUNT_NO,ACCOUNT_DATE,ACCOUNT_NAME,ACCOUNT_NUMBER,BANK_NAME,MEM_NO) values (91,to_timestamp('20/11/27 03:41:31.000000000','RR/MM/DD HH24:MI:SSXFF'),'test91',123456789,'신한은행',91);
Insert into MEMBER_ACCOUNT (ACCOUNT_NO,ACCOUNT_DATE,ACCOUNT_NAME,ACCOUNT_NUMBER,BANK_NAME,MEM_NO) values (92,to_timestamp('20/11/27 03:41:31.000000000','RR/MM/DD HH24:MI:SSXFF'),'test92',123456789,'신한은행',92);
Insert into MEMBER_ACCOUNT (ACCOUNT_NO,ACCOUNT_DATE,ACCOUNT_NAME,ACCOUNT_NUMBER,BANK_NAME,MEM_NO) values (93,to_timestamp('20/11/27 03:41:31.000000000','RR/MM/DD HH24:MI:SSXFF'),'test93',123456789,'신한은행',93);
Insert into MEMBER_ACCOUNT (ACCOUNT_NO,ACCOUNT_DATE,ACCOUNT_NAME,ACCOUNT_NUMBER,BANK_NAME,MEM_NO) values (94,to_timestamp('20/11/27 03:41:31.000000000','RR/MM/DD HH24:MI:SSXFF'),'test94',123456789,'신한은행',94);
Insert into MEMBER_ACCOUNT (ACCOUNT_NO,ACCOUNT_DATE,ACCOUNT_NAME,ACCOUNT_NUMBER,BANK_NAME,MEM_NO) values (95,to_timestamp('20/11/27 03:41:31.000000000','RR/MM/DD HH24:MI:SSXFF'),'test95',123456789,'신한은행',95);
Insert into MEMBER_ACCOUNT (ACCOUNT_NO,ACCOUNT_DATE,ACCOUNT_NAME,ACCOUNT_NUMBER,BANK_NAME,MEM_NO) values (96,to_timestamp('20/11/27 03:41:31.000000000','RR/MM/DD HH24:MI:SSXFF'),'test96',123456789,'신한은행',96);
Insert into MEMBER_ACCOUNT (ACCOUNT_NO,ACCOUNT_DATE,ACCOUNT_NAME,ACCOUNT_NUMBER,BANK_NAME,MEM_NO) values (97,to_timestamp('20/11/27 03:41:31.000000000','RR/MM/DD HH24:MI:SSXFF'),'test97',123456789,'신한은행',97);
Insert into MEMBER_ACCOUNT (ACCOUNT_NO,ACCOUNT_DATE,ACCOUNT_NAME,ACCOUNT_NUMBER,BANK_NAME,MEM_NO) values (98,to_timestamp('20/11/27 03:41:31.000000000','RR/MM/DD HH24:MI:SSXFF'),'test98',123456789,'신한은행',98);
Insert into MEMBER_ACCOUNT (ACCOUNT_NO,ACCOUNT_DATE,ACCOUNT_NAME,ACCOUNT_NUMBER,BANK_NAME,MEM_NO) values (99,to_timestamp('20/11/27 03:41:31.000000000','RR/MM/DD HH24:MI:SSXFF'),'test99',123456789,'신한은행',99);
Insert into MEMBER_ACCOUNT (ACCOUNT_NO,ACCOUNT_DATE,ACCOUNT_NAME,ACCOUNT_NUMBER,BANK_NAME,MEM_NO) values (100,to_timestamp('20/11/27 03:41:31.000000000','RR/MM/DD HH24:MI:SSXFF'),'test100',123456789,'신한은행',100);
Insert into MEMBER_ACCOUNT (ACCOUNT_NO,ACCOUNT_DATE,ACCOUNT_NAME,ACCOUNT_NUMBER,BANK_NAME,MEM_NO) values (101,to_timestamp('20/11/27 03:41:31.000000000','RR/MM/DD HH24:MI:SSXFF'),'네이버',123456789,'카카오뱅크',101);
--------------------------------------------------------
--  DDL for Index SYS_C005727
--------------------------------------------------------

  CREATE UNIQUE INDEX "SYS_C005727" ON "ADDRESS" ("DELIVERY_NO") 
  PCTFREE 10 INITRANS 2 MAXTRANS 255 COMPUTE STATISTICS 
  STORAGE(INITIAL 65536 NEXT 1048576 MINEXTENTS 1 MAXEXTENTS 2147483645
  PCTINCREASE 0 FREELISTS 1 FREELIST GROUPS 1 BUFFER_POOL DEFAULT FLASH_CACHE DEFAULT CELL_FLASH_CACHE DEFAULT)
  TABLESPACE "USERS" ;
--------------------------------------------------------
--  DDL for Index SYS_C005747
--------------------------------------------------------

  CREATE UNIQUE INDEX "SYS_C005747" ON "APPLY" ("APL_NO") 
  PCTFREE 10 INITRANS 2 MAXTRANS 255 COMPUTE STATISTICS 
  STORAGE(INITIAL 65536 NEXT 1048576 MINEXTENTS 1 MAXEXTENTS 2147483645
  PCTINCREASE 0 FREELISTS 1 FREELIST GROUPS 1 BUFFER_POOL DEFAULT FLASH_CACHE DEFAULT CELL_FLASH_CACHE DEFAULT)
  TABLESPACE "USERS" ;
--------------------------------------------------------
--  DDL for Index SYS_C0011626
--------------------------------------------------------

  CREATE UNIQUE INDEX "SYS_C0011626" ON "ASK" ("ASK_NO") 
  PCTFREE 10 INITRANS 2 MAXTRANS 255 COMPUTE STATISTICS ;
--------------------------------------------------------
--  DDL for Index SYS_C005731
--------------------------------------------------------

  CREATE UNIQUE INDEX "SYS_C005731" ON "BOARD" ("B_NO") 
  PCTFREE 10 INITRANS 2 MAXTRANS 255 COMPUTE STATISTICS 
  STORAGE(INITIAL 65536 NEXT 1048576 MINEXTENTS 1 MAXEXTENTS 2147483645
  PCTINCREASE 0 FREELISTS 1 FREELIST GROUPS 1 BUFFER_POOL DEFAULT FLASH_CACHE DEFAULT CELL_FLASH_CACHE DEFAULT)
  TABLESPACE "USERS" ;
--------------------------------------------------------
--  DDL for Index SYS_C005733
--------------------------------------------------------

  CREATE UNIQUE INDEX "SYS_C005733" ON "FILES" ("FILES_NO") 
  PCTFREE 10 INITRANS 2 MAXTRANS 255 COMPUTE STATISTICS 
  STORAGE(INITIAL 65536 NEXT 1048576 MINEXTENTS 1 MAXEXTENTS 2147483645
  PCTINCREASE 0 FREELISTS 1 FREELIST GROUPS 1 BUFFER_POOL DEFAULT FLASH_CACHE DEFAULT CELL_FLASH_CACHE DEFAULT)
  TABLESPACE "USERS" ;
--------------------------------------------------------
--  DDL for Index SYS_C005737
--------------------------------------------------------

  CREATE UNIQUE INDEX "SYS_C005737" ON "IMG" ("IMG_NO") 
  PCTFREE 10 INITRANS 2 MAXTRANS 255 COMPUTE STATISTICS 
  STORAGE(INITIAL 65536 NEXT 1048576 MINEXTENTS 1 MAXEXTENTS 2147483645
  PCTINCREASE 0 FREELISTS 1 FREELIST GROUPS 1 BUFFER_POOL DEFAULT FLASH_CACHE DEFAULT CELL_FLASH_CACHE DEFAULT)
  TABLESPACE "USERS" ;
--------------------------------------------------------
--  DDL for Index SYS_C005753
--------------------------------------------------------

  CREATE UNIQUE INDEX "SYS_C005753" ON "ORDERS" ("ORDER_NO") 
  PCTFREE 10 INITRANS 2 MAXTRANS 255 COMPUTE STATISTICS 
  STORAGE(INITIAL 65536 NEXT 1048576 MINEXTENTS 1 MAXEXTENTS 2147483645
  PCTINCREASE 0 FREELISTS 1 FREELIST GROUPS 1 BUFFER_POOL DEFAULT FLASH_CACHE DEFAULT CELL_FLASH_CACHE DEFAULT)
  TABLESPACE "USERS" ;
--------------------------------------------------------
--  DDL for Index SYS_C005751
--------------------------------------------------------

  CREATE UNIQUE INDEX "SYS_C005751" ON "PROJECT" ("PRO_NO") 
  PCTFREE 10 INITRANS 2 MAXTRANS 255 COMPUTE STATISTICS 
  STORAGE(INITIAL 65536 NEXT 1048576 MINEXTENTS 1 MAXEXTENTS 2147483645
  PCTINCREASE 0 FREELISTS 1 FREELIST GROUPS 1 BUFFER_POOL DEFAULT FLASH_CACHE DEFAULT CELL_FLASH_CACHE DEFAULT)
  TABLESPACE "USERS" ;
--------------------------------------------------------
--  DDL for Index SYS_C005745
--------------------------------------------------------

  CREATE UNIQUE INDEX "SYS_C005745" ON "PROJECT_CMT" ("PRO_CMT_NO") 
  PCTFREE 10 INITRANS 2 MAXTRANS 255 COMPUTE STATISTICS 
  STORAGE(INITIAL 65536 NEXT 1048576 MINEXTENTS 1 MAXEXTENTS 2147483645
  PCTINCREASE 0 FREELISTS 1 FREELIST GROUPS 1 BUFFER_POOL DEFAULT FLASH_CACHE DEFAULT CELL_FLASH_CACHE DEFAULT)
  TABLESPACE "USERS" ;
--------------------------------------------------------
--  DDL for Index SYS_C0011621
--------------------------------------------------------

  CREATE UNIQUE INDEX "SYS_C0011621" ON "PROJECT_LIKE" ("LIKE_NO") 
  PCTFREE 10 INITRANS 2 MAXTRANS 255 COMPUTE STATISTICS 
  STORAGE(INITIAL 65536 NEXT 1048576 MINEXTENTS 1 MAXEXTENTS 2147483645
  PCTINCREASE 0 FREELISTS 1 FREELIST GROUPS 1 BUFFER_POOL DEFAULT FLASH_CACHE DEFAULT CELL_FLASH_CACHE DEFAULT)
  TABLESPACE "USERS" ;
--------------------------------------------------------
--  DDL for Index SYS_C005743
--------------------------------------------------------

  CREATE UNIQUE INDEX "SYS_C005743" ON "PROJECT_OPTION" ("OP_NO") 
  PCTFREE 10 INITRANS 2 MAXTRANS 255 COMPUTE STATISTICS 
  STORAGE(INITIAL 65536 NEXT 1048576 MINEXTENTS 1 MAXEXTENTS 2147483645
  PCTINCREASE 0 FREELISTS 1 FREELIST GROUPS 1 BUFFER_POOL DEFAULT FLASH_CACHE DEFAULT CELL_FLASH_CACHE DEFAULT)
  TABLESPACE "USERS" ;
--------------------------------------------------------
--  DDL for Index SYS_C005740
--------------------------------------------------------

  CREATE UNIQUE INDEX "SYS_C005740" ON "MEMBER" ("MEM_NO") 
  PCTFREE 10 INITRANS 2 MAXTRANS 255 COMPUTE STATISTICS 
  STORAGE(INITIAL 65536 NEXT 1048576 MINEXTENTS 1 MAXEXTENTS 2147483645
  PCTINCREASE 0 FREELISTS 1 FREELIST GROUPS 1 BUFFER_POOL DEFAULT FLASH_CACHE DEFAULT CELL_FLASH_CACHE DEFAULT)
  TABLESPACE "USERS" ;
--------------------------------------------------------
--  DDL for Index UK_CJ1OJFYIL2JPWYMM6Q45FXONN
--------------------------------------------------------

  CREATE UNIQUE INDEX "UK_CJ1OJFYIL2JPWYMM6Q45FXONN" ON "MEMBER" ("MEM_ID") 
  PCTFREE 10 INITRANS 2 MAXTRANS 255 COMPUTE STATISTICS 
  STORAGE(INITIAL 65536 NEXT 1048576 MINEXTENTS 1 MAXEXTENTS 2147483645
  PCTINCREASE 0 FREELISTS 1 FREELIST GROUPS 1 BUFFER_POOL DEFAULT FLASH_CACHE DEFAULT CELL_FLASH_CACHE DEFAULT)
  TABLESPACE "USERS" ;
--------------------------------------------------------
--  DDL for Index SYS_C005725
--------------------------------------------------------

  CREATE UNIQUE INDEX "SYS_C005725" ON "MEMBER_ACCOUNT" ("ACCOUNT_NO") 
  PCTFREE 10 INITRANS 2 MAXTRANS 255 COMPUTE STATISTICS 
  STORAGE(INITIAL 65536 NEXT 1048576 MINEXTENTS 1 MAXEXTENTS 2147483645
  PCTINCREASE 0 FREELISTS 1 FREELIST GROUPS 1 BUFFER_POOL DEFAULT FLASH_CACHE DEFAULT CELL_FLASH_CACHE DEFAULT)
  TABLESPACE "USERS" ;
--------------------------------------------------------
--  Constraints for Table ADDRESS
--------------------------------------------------------

  ALTER TABLE "ADDRESS" ADD PRIMARY KEY ("DELIVERY_NO")
  USING INDEX PCTFREE 10 INITRANS 2 MAXTRANS 255 COMPUTE STATISTICS 
  STORAGE(INITIAL 65536 NEXT 1048576 MINEXTENTS 1 MAXEXTENTS 2147483645
  PCTINCREASE 0 FREELISTS 1 FREELIST GROUPS 1 BUFFER_POOL DEFAULT FLASH_CACHE DEFAULT CELL_FLASH_CACHE DEFAULT)
  TABLESPACE "USERS"  ENABLE;
 
  ALTER TABLE "ADDRESS" MODIFY ("DELIVERY_NO" NOT NULL ENABLE);
--------------------------------------------------------
--  Constraints for Table APPLY
--------------------------------------------------------

  ALTER TABLE "APPLY" ADD PRIMARY KEY ("APL_NO")
  USING INDEX PCTFREE 10 INITRANS 2 MAXTRANS 255 COMPUTE STATISTICS 
  STORAGE(INITIAL 65536 NEXT 1048576 MINEXTENTS 1 MAXEXTENTS 2147483645
  PCTINCREASE 0 FREELISTS 1 FREELIST GROUPS 1 BUFFER_POOL DEFAULT FLASH_CACHE DEFAULT CELL_FLASH_CACHE DEFAULT)
  TABLESPACE "USERS"  ENABLE;
 
  ALTER TABLE "APPLY" MODIFY ("APL_NO" NOT NULL ENABLE);
 
  ALTER TABLE "APPLY" MODIFY ("APL_TITLE" NOT NULL ENABLE);
--------------------------------------------------------
--  Constraints for Table ASK
--------------------------------------------------------

  ALTER TABLE "ASK" MODIFY ("ASK_NO" NOT NULL ENABLE);
 
  ALTER TABLE "ASK" ADD PRIMARY KEY ("ASK_NO")
  USING INDEX PCTFREE 10 INITRANS 2 MAXTRANS 255 COMPUTE STATISTICS  ENABLE;
--------------------------------------------------------
--  Constraints for Table BOARD
--------------------------------------------------------

  ALTER TABLE "BOARD" ADD PRIMARY KEY ("B_NO")
  USING INDEX PCTFREE 10 INITRANS 2 MAXTRANS 255 COMPUTE STATISTICS 
  STORAGE(INITIAL 65536 NEXT 1048576 MINEXTENTS 1 MAXEXTENTS 2147483645
  PCTINCREASE 0 FREELISTS 1 FREELIST GROUPS 1 BUFFER_POOL DEFAULT FLASH_CACHE DEFAULT CELL_FLASH_CACHE DEFAULT)
  TABLESPACE "USERS"  ENABLE;
 
  ALTER TABLE "BOARD" MODIFY ("B_NO" NOT NULL ENABLE);
--------------------------------------------------------
--  Constraints for Table FILES
--------------------------------------------------------

  ALTER TABLE "FILES" ADD PRIMARY KEY ("FILES_NO")
  USING INDEX PCTFREE 10 INITRANS 2 MAXTRANS 255 COMPUTE STATISTICS 
  STORAGE(INITIAL 65536 NEXT 1048576 MINEXTENTS 1 MAXEXTENTS 2147483645
  PCTINCREASE 0 FREELISTS 1 FREELIST GROUPS 1 BUFFER_POOL DEFAULT FLASH_CACHE DEFAULT CELL_FLASH_CACHE DEFAULT)
  TABLESPACE "USERS"  ENABLE;
 
  ALTER TABLE "FILES" MODIFY ("FILES_NO" NOT NULL ENABLE);
--------------------------------------------------------
--  Constraints for Table IMG
--------------------------------------------------------

  ALTER TABLE "IMG" ADD PRIMARY KEY ("IMG_NO")
  USING INDEX PCTFREE 10 INITRANS 2 MAXTRANS 255 COMPUTE STATISTICS 
  STORAGE(INITIAL 65536 NEXT 1048576 MINEXTENTS 1 MAXEXTENTS 2147483645
  PCTINCREASE 0 FREELISTS 1 FREELIST GROUPS 1 BUFFER_POOL DEFAULT FLASH_CACHE DEFAULT CELL_FLASH_CACHE DEFAULT)
  TABLESPACE "USERS"  ENABLE;
 
  ALTER TABLE "IMG" MODIFY ("IMG_NO" NOT NULL ENABLE);
--------------------------------------------------------
--  Constraints for Table ORDERS
--------------------------------------------------------

  ALTER TABLE "ORDERS" ADD PRIMARY KEY ("ORDER_NO")
  USING INDEX PCTFREE 10 INITRANS 2 MAXTRANS 255 COMPUTE STATISTICS 
  STORAGE(INITIAL 65536 NEXT 1048576 MINEXTENTS 1 MAXEXTENTS 2147483645
  PCTINCREASE 0 FREELISTS 1 FREELIST GROUPS 1 BUFFER_POOL DEFAULT FLASH_CACHE DEFAULT CELL_FLASH_CACHE DEFAULT)
  TABLESPACE "USERS"  ENABLE;
 
  ALTER TABLE "ORDERS" MODIFY ("ORDER_NO" NOT NULL ENABLE);
--------------------------------------------------------
--  Constraints for Table PROJECT
--------------------------------------------------------

  ALTER TABLE "PROJECT" ADD PRIMARY KEY ("PRO_NO")
  USING INDEX PCTFREE 10 INITRANS 2 MAXTRANS 255 COMPUTE STATISTICS 
  STORAGE(INITIAL 65536 NEXT 1048576 MINEXTENTS 1 MAXEXTENTS 2147483645
  PCTINCREASE 0 FREELISTS 1 FREELIST GROUPS 1 BUFFER_POOL DEFAULT FLASH_CACHE DEFAULT CELL_FLASH_CACHE DEFAULT)
  TABLESPACE "USERS"  ENABLE;
 
  ALTER TABLE "PROJECT" MODIFY ("PRO_NO" NOT NULL ENABLE);
--------------------------------------------------------
--  Constraints for Table PROJECT_CMT
--------------------------------------------------------

  ALTER TABLE "PROJECT_CMT" ADD PRIMARY KEY ("PRO_CMT_NO")
  USING INDEX PCTFREE 10 INITRANS 2 MAXTRANS 255 COMPUTE STATISTICS 
  STORAGE(INITIAL 65536 NEXT 1048576 MINEXTENTS 1 MAXEXTENTS 2147483645
  PCTINCREASE 0 FREELISTS 1 FREELIST GROUPS 1 BUFFER_POOL DEFAULT FLASH_CACHE DEFAULT CELL_FLASH_CACHE DEFAULT)
  TABLESPACE "USERS"  ENABLE;
 
  ALTER TABLE "PROJECT_CMT" MODIFY ("PRO_CMT_NO" NOT NULL ENABLE);
--------------------------------------------------------
--  Constraints for Table PROJECT_LIKE
--------------------------------------------------------

  ALTER TABLE "PROJECT_LIKE" MODIFY ("LIKE_NO" NOT NULL ENABLE);
 
  ALTER TABLE "PROJECT_LIKE" ADD PRIMARY KEY ("LIKE_NO")
  USING INDEX PCTFREE 10 INITRANS 2 MAXTRANS 255 COMPUTE STATISTICS 
  STORAGE(INITIAL 65536 NEXT 1048576 MINEXTENTS 1 MAXEXTENTS 2147483645
  PCTINCREASE 0 FREELISTS 1 FREELIST GROUPS 1 BUFFER_POOL DEFAULT FLASH_CACHE DEFAULT CELL_FLASH_CACHE DEFAULT)
  TABLESPACE "USERS"  ENABLE;
--------------------------------------------------------
--  Constraints for Table PROJECT_OPTION
--------------------------------------------------------

  ALTER TABLE "PROJECT_OPTION" ADD PRIMARY KEY ("OP_NO")
  USING INDEX PCTFREE 10 INITRANS 2 MAXTRANS 255 COMPUTE STATISTICS 
  STORAGE(INITIAL 65536 NEXT 1048576 MINEXTENTS 1 MAXEXTENTS 2147483645
  PCTINCREASE 0 FREELISTS 1 FREELIST GROUPS 1 BUFFER_POOL DEFAULT FLASH_CACHE DEFAULT CELL_FLASH_CACHE DEFAULT)
  TABLESPACE "USERS"  ENABLE;
 
  ALTER TABLE "PROJECT_OPTION" MODIFY ("OP_USED" NOT NULL ENABLE);
 
  ALTER TABLE "PROJECT_OPTION" MODIFY ("OP_NO" NOT NULL ENABLE);
--------------------------------------------------------
--  Constraints for Table MEMBER
--------------------------------------------------------

  ALTER TABLE "MEMBER" ADD PRIMARY KEY ("MEM_NO")
  USING INDEX PCTFREE 10 INITRANS 2 MAXTRANS 255 COMPUTE STATISTICS 
  STORAGE(INITIAL 65536 NEXT 1048576 MINEXTENTS 1 MAXEXTENTS 2147483645
  PCTINCREASE 0 FREELISTS 1 FREELIST GROUPS 1 BUFFER_POOL DEFAULT FLASH_CACHE DEFAULT CELL_FLASH_CACHE DEFAULT)
  TABLESPACE "USERS"  ENABLE;
 
  ALTER TABLE "MEMBER" MODIFY ("MEM_ID" NOT NULL ENABLE);
 
  ALTER TABLE "MEMBER" MODIFY ("MEM_NO" NOT NULL ENABLE);
 
  ALTER TABLE "MEMBER" ADD CONSTRAINT "UK_CJ1OJFYIL2JPWYMM6Q45FXONN" UNIQUE ("MEM_ID")
  USING INDEX PCTFREE 10 INITRANS 2 MAXTRANS 255 COMPUTE STATISTICS 
  STORAGE(INITIAL 65536 NEXT 1048576 MINEXTENTS 1 MAXEXTENTS 2147483645
  PCTINCREASE 0 FREELISTS 1 FREELIST GROUPS 1 BUFFER_POOL DEFAULT FLASH_CACHE DEFAULT CELL_FLASH_CACHE DEFAULT)
  TABLESPACE "USERS"  ENABLE;
--------------------------------------------------------
--  Constraints for Table MEMBER_ACCOUNT
--------------------------------------------------------

  ALTER TABLE "MEMBER_ACCOUNT" ADD PRIMARY KEY ("ACCOUNT_NO")
  USING INDEX PCTFREE 10 INITRANS 2 MAXTRANS 255 COMPUTE STATISTICS 
  STORAGE(INITIAL 65536 NEXT 1048576 MINEXTENTS 1 MAXEXTENTS 2147483645
  PCTINCREASE 0 FREELISTS 1 FREELIST GROUPS 1 BUFFER_POOL DEFAULT FLASH_CACHE DEFAULT CELL_FLASH_CACHE DEFAULT)
  TABLESPACE "USERS"  ENABLE;
 
  ALTER TABLE "MEMBER_ACCOUNT" MODIFY ("ACCOUNT_NO" NOT NULL ENABLE);
--------------------------------------------------------
--  Ref Constraints for Table ADDRESS
--------------------------------------------------------

  ALTER TABLE "ADDRESS" ADD CONSTRAINT "MEM_NO_FOR_ADDRESS" FOREIGN KEY ("MEM_NO")
	  REFERENCES "MEMBER" ("MEM_NO") ENABLE;
--------------------------------------------------------
--  Ref Constraints for Table APPLY
--------------------------------------------------------

  ALTER TABLE "APPLY" ADD CONSTRAINT "MEM_NO_FOR_PRO_REQUEST" FOREIGN KEY ("MEM_NO")
	  REFERENCES "MEMBER" ("MEM_NO") ENABLE;
--------------------------------------------------------
--  Ref Constraints for Table ASK
--------------------------------------------------------

  ALTER TABLE "ASK" ADD CONSTRAINT "MEM_NO_FOR_ASK" FOREIGN KEY ("MEM_NO")
	  REFERENCES "MEMBER" ("MEM_NO") ENABLE;
--------------------------------------------------------
--  Ref Constraints for Table BOARD
--------------------------------------------------------

  ALTER TABLE "BOARD" ADD CONSTRAINT "MEM_NO_FOR_BOARD" FOREIGN KEY ("MEM_NO")
	  REFERENCES "MEMBER" ("MEM_NO") ENABLE;
--------------------------------------------------------
--  Ref Constraints for Table FILES
--------------------------------------------------------

  ALTER TABLE "FILES" ADD CONSTRAINT "APL_NO_FOR_FILES" FOREIGN KEY ("APL_NO")
	  REFERENCES "APPLY" ("APL_NO") ENABLE;
 
  ALTER TABLE "FILES" ADD CONSTRAINT "B_NO_FOR_FILES" FOREIGN KEY ("B_NO")
	  REFERENCES "BOARD" ("B_NO") ENABLE;
 
  ALTER TABLE "FILES" ADD CONSTRAINT "PRO_NO_FOR_FILES" FOREIGN KEY ("PRO_NO")
	  REFERENCES "PROJECT" ("PRO_NO") ENABLE;
--------------------------------------------------------
--  Ref Constraints for Table IMG
--------------------------------------------------------

  ALTER TABLE "IMG" ADD CONSTRAINT "APL_NO_FOR_IMG" FOREIGN KEY ("APL_NO")
	  REFERENCES "APPLY" ("APL_NO") ENABLE;
 
  ALTER TABLE "IMG" ADD CONSTRAINT "B_NO_FOR_IMG" FOREIGN KEY ("B_NO")
	  REFERENCES "BOARD" ("B_NO") ENABLE;
 
  ALTER TABLE "IMG" ADD CONSTRAINT "PRO_NO_FOR_IMG" FOREIGN KEY ("PRO_NO")
	  REFERENCES "PROJECT" ("PRO_NO") ENABLE;
--------------------------------------------------------
--  Ref Constraints for Table ORDERS
--------------------------------------------------------

  ALTER TABLE "ORDERS" ADD CONSTRAINT "MEM_NO_FOR_REQ_ORDER" FOREIGN KEY ("MEM_NO")
	  REFERENCES "MEMBER" ("MEM_NO") ENABLE;
 
  ALTER TABLE "ORDERS" ADD CONSTRAINT "PRO_NO_FOR_REQ_ORDER" FOREIGN KEY ("PRO_NO")
	  REFERENCES "PROJECT" ("PRO_NO") ENABLE;
--------------------------------------------------------
--  Ref Constraints for Table PROJECT
--------------------------------------------------------

  ALTER TABLE "PROJECT" ADD CONSTRAINT "MEM_NO_FOR_PROJECT" FOREIGN KEY ("MEM_NO")
	  REFERENCES "MEMBER" ("MEM_NO") ENABLE;
 
  ALTER TABLE "PROJECT" ADD CONSTRAINT "OP_NO_FOR_PROJECT" FOREIGN KEY ("OP_NO")
	  REFERENCES "PROJECT_OPTION" ("OP_NO") ENABLE;
--------------------------------------------------------
--  Ref Constraints for Table PROJECT_CMT
--------------------------------------------------------

  ALTER TABLE "PROJECT_CMT" ADD CONSTRAINT "PRO_NO_FOR_PROJECT_CMT" FOREIGN KEY ("PRO_NO")
	  REFERENCES "PROJECT" ("PRO_NO") ENABLE;
--------------------------------------------------------
--  Ref Constraints for Table PROJECT_LIKE
--------------------------------------------------------

  ALTER TABLE "PROJECT_LIKE" ADD CONSTRAINT "MEM_NO_FOR_PROJECT_LIKE" FOREIGN KEY ("MEM_NO")
	  REFERENCES "MEMBER" ("MEM_NO") ENABLE;
 
  ALTER TABLE "PROJECT_LIKE" ADD CONSTRAINT "PRO_NO_FOR_PROJECT_LIKE" FOREIGN KEY ("PRO_NO")
	  REFERENCES "PROJECT" ("PRO_NO") ENABLE;
--------------------------------------------------------
--  Ref Constraints for Table PROJECT_OPTION
--------------------------------------------------------

  ALTER TABLE "PROJECT_OPTION" ADD CONSTRAINT "PRO_NO_FOR_PROJECT_OPTION" FOREIGN KEY ("PRO_NO")
	  REFERENCES "PROJECT" ("PRO_NO") ENABLE;
--------------------------------------------------------
--  Ref Constraints for Table MEMBER_ACCOUNT
--------------------------------------------------------

  ALTER TABLE "MEMBER_ACCOUNT" ADD CONSTRAINT "MEM_NO_FOR_ACCOUNT_INFO" FOREIGN KEY ("MEM_NO")
	  REFERENCES "MEMBER" ("MEM_NO") ENABLE;
